#temperature[degC], humidity[%], co2 concentration[ppm]
2025-05-08 12:00:08,23.14,51.93,1446
2025-05-08 12:00:38,23.11,51.86,1450
2025-05-08 12:01:33,23.08,51.76,1434
2025-05-08 12:03:28,22.98,51.57,1399
2025-05-08 12:03:58,22.96,51.56,1382
2025-05-08 12:05:24,22.87,51.39,1318
2025-05-08 12:06:14,22.86,51.37,1293
2025-05-08 12:07:09,22.81,51.28,1274
2025-05-08 12:07:44,22.81,51.28,1257
2025-05-08 12:08:49,22.77,51.23,1247
2025-05-08 12:11:44,22.67,51.04,1194
2025-05-08 12:12:44,22.66,51.02,1187
2025-05-08 12:13:14,22.64,50.98,1184
2025-05-08 12:15:34,22.61,50.9,1164
2025-05-08 12:16:09,22.61,50.9,1158
2025-05-08 12:17:09,22.59,50.81,1142
2025-05-08 12:18:14,22.58,50.77,1126
2025-05-08 12:19:15,22.56,50.75,1121
2025-05-08 12:20:20,22.54,50.71,1115
2025-05-08 12:20:55,22.53,50.64,1111
2025-05-08 12:22:25,22.54,50.65,1089
2025-05-08 12:23:30,22.52,50.59,1080
2025-05-08 12:24:05,22.51,50.54,1078
2025-05-08 12:24:35,22.53,50.56,1075
2025-05-08 12:25:05,22.52,50.51,1069
2025-05-08 12:26:10,22.49,50.49,1059
2025-05-08 12:26:45,22.5,50.53,1051
2025-05-08 12:27:20,22.49,50.47,1050
2025-05-08 12:29:00,22.5,50.45,1047
2025-05-08 12:29:35,22.52,50.46,1045
2025-05-08 12:30:10,22.51,50.49,1042
2025-05-08 12:30:45,22.49,50.45,1034
2025-05-08 12:31:55,22.5,50.44,1020
2025-05-08 12:32:30,22.48,50.42,1018
2025-05-08 12:35:51,22.48,50.35,1008
2025-05-08 12:36:51,22.45,50.22,996
2025-05-08 12:38:36,22.41,49.95,936
2025-05-08 12:39:11,22.37,49.85,917
2025-05-08 12:40:17,22.33,49.7,899
2025-05-08 12:40:47,22.32,49.66,896
2025-05-08 12:41:22,22.3,49.74,894
2025-05-08 12:44:32,22.32,49.85,923
2025-05-08 12:45:32,22.34,49.86,926
2025-05-08 12:45:57,22.35,49.87,926
2025-05-08 12:46:27,22.34,49.85,925
2025-05-08 12:47:02,22.35,49.83,924
2025-05-08 12:48:42,22.35,49.77,922
2025-05-08 12:49:12,22.37,49.8,915
2025-05-08 12:49:47,22.37,49.76,912
2025-05-08 12:51:22,22.37,49.7,907
2025-05-08 12:51:52,22.37,49.73,905
2025-05-08 12:52:22,22.35,49.73,903
2025-05-08 12:55:33,22.38,49.67,894
2025-05-08 12:57:13,22.38,49.63,885
2025-05-08 12:57:43,22.38,49.64,885
2025-05-08 12:58:13,22.37,49.59,884
2025-05-08 12:58:43,22.36,49.62,882
2025-05-08 12:59:13,22.36,49.62,878
2025-05-08 12:59:48,22.36,49.55,876
2025-05-08 13:02:33,22.41,49.76,1043
2025-05-08 13:03:08,22.43,49.76,1097
2025-05-08 13:04:13,22.47,49.82,1101
2025-05-08 13:05:23,22.49,49.83,1044
2025-05-08 13:06:29,22.5,49.79,1009
2025-05-08 13:07:34,22.54,49.81,1006
2025-05-08 13:08:04,22.55,49.8,1007
2025-05-08 13:08:34,22.55,49.85,1014
2025-05-08 13:09:04,22.54,49.78,1015
2025-05-08 13:10:09,22.58,49.85,1018
2025-05-08 13:10:39,22.58,49.88,1023
2025-05-08 13:11:54,22.58,49.88,1040
2025-05-08 13:12:54,22.61,49.86,1067
2025-05-08 13:13:24,22.62,49.94,1069
2025-05-08 13:13:59,22.63,49.92,1076
2025-05-08 13:14:29,22.62,49.95,1077
2025-05-08 13:15:04,22.64,49.94,1082
2025-05-08 13:15:59,22.65,49.96,1086
2025-05-08 13:16:34,22.67,49.95,1084
2025-05-08 13:16:59,22.64,49.94,1076
2025-05-08 13:18:04,22.67,49.95,1054
2025-05-08 13:18:59,22.65,49.99,1030
2025-05-08 13:20:05,22.69,50.03,1000
2025-05-08 13:20:35,22.69,50.09,981
2025-05-08 13:21:05,22.69,50.06,975
2025-05-08 13:21:40,22.69,50.09,965
2025-05-08 13:22:15,22.68,50.09,955
2025-05-08 13:23:20,22.71,50.19,937
2025-05-08 13:23:50,22.71,50.18,932
2025-05-08 13:24:25,22.72,50.18,923
2025-05-08 13:25:35,22.72,50.22,909
2025-05-08 13:26:40,22.72,50.29,902
2025-05-08 13:27:15,22.74,50.27,899
2025-05-08 13:28:21,22.74,50.33,891
2025-05-08 13:28:50,22.73,50.28,886
2025-05-08 13:34:41,22.81,50.48,1065
2025-05-08 13:35:11,22.8,50.49,1076
2025-05-08 13:36:16,22.82,50.51,1052
2025-05-08 13:37:17,22.82,50.53,1043
2025-05-08 13:38:22,22.87,50.59,1031
2025-05-08 13:38:47,22.84,50.6,1031
2025-05-08 13:39:12,22.84,50.56,1035
2025-05-08 13:39:42,22.84,50.58,1042
2025-05-08 13:40:17,22.86,50.62,1043
2025-05-08 13:43:07,22.87,50.65,1081
2025-05-08 13:44:07,22.9,50.69,1084
2025-05-08 13:44:32,22.91,50.73,1086
2025-05-08 13:45:37,22.89,50.74,1091
2025-05-08 13:46:42,22.9,50.76,1091
2025-05-08 13:47:12,22.94,50.78,1088
2025-05-08 13:47:42,22.93,50.75,1089
2025-05-08 13:48:12,22.92,50.72,1090
2025-05-08 13:50:47,22.93,50.81,1112
2025-05-08 13:52:47,22.93,50.78,1145
2025-05-08 13:55:08,22.93,50.83,1170
2025-05-08 13:55:38,22.95,50.85,1174
2025-05-08 13:56:08,22.97,50.86,1178
2025-05-08 13:56:38,22.97,50.88,1184
2025-05-08 13:57:08,22.96,50.84,1188
2025-05-08 13:57:38,22.96,50.85,1191
2025-05-08 13:58:13,22.95,50.86,1195
2025-05-08 13:59:18,22.96,50.91,1200
2025-05-08 13:59:53,22.98,50.92,1212
2025-05-08 14:03:23,23.01,50.98,1248
2025-05-08 14:04:23,23.0,50.97,1249
2025-05-08 14:04:58,23.02,50.99,1250
2025-05-08 14:05:28,23.02,50.98,1255
2025-05-08 14:05:58,23.01,50.98,1258
2025-05-08 14:06:28,23.02,51.03,1258
2025-05-08 14:06:58,23.03,50.98,1258
2025-05-08 14:07:33,23.01,50.95,1261
2025-05-08 14:08:39,23.02,51.22,1439
2025-05-08 14:09:09,23.06,51.29,1773
2025-05-08 14:09:44,23.06,51.23,1709
2025-05-08 14:10:19,23.05,51.18,1539
2025-05-08 14:11:54,23.07,51.17,1394
2025-05-08 14:12:59,23.07,51.18,1380
2025-05-08 14:13:34,23.08,51.19,1378
2025-05-08 14:14:09,23.07,51.19,1376
2025-05-08 14:14:44,23.09,51.24,1378
2025-05-08 14:15:49,23.12,51.2,1372
2025-05-08 14:16:24,23.08,51.22,1373
2025-05-08 14:16:59,23.09,51.25,1372
2025-05-08 14:18:09,23.11,51.28,1383
2025-05-08 14:20:20,23.11,51.27,1396
2025-05-08 14:20:55,23.09,51.27,1399
2025-05-08 14:21:30,23.1,51.28,1399
2025-05-08 14:24:50,23.1,51.31,1398
2025-05-08 14:26:30,23.1,51.35,1399
2025-05-08 14:27:25,23.1,51.39,1402
2025-05-08 14:29:35,23.14,51.4,1437
2025-05-08 14:30:10,23.11,51.38,1445
2025-05-08 14:30:45,23.14,51.47,1461
2025-05-08 14:31:20,23.14,51.4,1469
2025-05-08 14:32:25,23.12,51.42,1498
2025-05-08 14:33:00,23.15,51.46,1502
2025-05-08 14:34:05,23.18,51.46,1505
2025-05-08 14:34:35,23.17,51.51,1510
2025-05-08 14:35:05,23.15,51.47,1512
2025-05-08 14:35:35,23.16,51.48,1516
2025-05-08 14:36:05,23.17,51.48,1522
2025-05-08 14:36:35,23.15,51.53,1530
2025-05-08 14:37:05,23.17,51.49,1530
2025-05-08 14:37:40,23.15,51.5,1531
2025-05-08 14:38:15,23.17,51.52,1534
2025-05-08 14:39:21,23.19,51.51,1534
2025-05-08 14:39:51,23.18,51.57,1552
2025-05-08 14:40:21,23.2,51.52,1555
2025-05-08 14:40:51,23.19,51.53,1565
2025-05-08 14:41:21,23.19,51.59,1561
2025-05-08 14:42:51,23.2,51.57,1554
2025-05-08 14:43:21,23.2,51.53,1557
2025-05-08 14:43:51,23.2,51.54,1563
2025-05-08 14:47:02,23.2,51.57,1588
2025-05-08 14:49:12,23.24,51.62,1613
2025-05-08 14:50:17,23.25,51.65,1616
2025-05-08 14:54:27,23.22,51.59,1606
2025-05-08 14:55:38,23.26,51.58,1609
2025-05-08 14:56:08,23.28,51.59,1615
2025-05-08 14:56:38,23.25,51.57,1625
2025-05-08 14:57:08,23.29,51.63,1637
2025-05-08 14:57:38,23.27,51.6,1648
2025-05-08 14:58:08,23.26,51.59,1650
2025-05-08 14:58:38,23.27,51.6,1654
2025-05-08 14:59:43,23.25,51.58,1656
2025-05-08 15:02:08,23.26,51.57,1667
2025-05-08 15:03:53,23.23,51.59,1677
2025-05-08 15:04:53,23.24,51.57,1677
2025-05-08 15:05:48,23.26,51.58,1683
2025-05-08 15:06:23,23.26,51.53,1684
2025-05-08 15:06:58,23.28,51.59,1684
2025-05-08 15:07:28,23.27,51.58,1688
2025-05-08 15:08:03,23.27,51.55,1690
2025-05-08 15:08:33,23.28,51.55,1689
2025-05-08 15:09:03,23.28,51.54,1689
2025-05-08 15:09:38,23.28,51.53,1693
2025-05-08 15:10:43,23.28,51.53,1698
2025-05-08 15:12:24,23.26,51.54,1699
2025-05-08 15:13:29,23.28,51.5,1707
2025-05-08 15:14:04,23.28,51.49,1712
2025-05-08 15:14:39,23.28,51.52,1724
2025-05-08 15:16:19,23.27,51.51,1731
2025-05-08 15:16:49,23.28,51.54,1731
2025-05-08 15:18:54,23.28,51.53,1740
2025-05-08 15:19:24,23.29,51.45,1742
2025-05-08 15:22:55,23.27,51.49,1751
2025-05-08 15:24:20,23.27,51.47,1748
2025-05-08 15:26:30,23.27,51.43,1743
2025-05-08 15:28:05,23.28,51.48,1780
2025-05-08 15:29:40,23.28,51.37,1715
2025-05-08 15:30:15,23.26,51.35,1671
2025-05-08 15:31:26,23.27,51.34,1568
2025-05-08 15:35:11,23.25,51.34,1589
2025-05-08 15:35:41,23.26,51.31,1590
2025-05-08 15:36:16,23.24,51.35,1588
2025-05-08 15:38:56,23.24,51.31,1590
2025-05-08 15:39:26,23.23,51.29,1601
2025-05-08 15:40:01,23.24,51.31,1605
2025-05-08 15:40:36,23.24,51.33,1607
2025-05-08 15:41:11,23.23,51.31,1613
2025-05-08 15:42:16,23.24,51.28,1614
2025-05-08 15:43:22,23.24,51.31,1615
2025-05-08 15:44:32,23.25,51.36,1635
2025-05-08 15:45:07,23.26,51.33,1650
2025-05-08 15:45:37,23.26,51.33,1651
2025-05-08 15:46:12,23.25,51.33,1644
2025-05-08 15:46:47,23.25,51.27,1624
2025-05-08 15:48:27,23.26,51.29,1604
2025-05-08 15:49:02,23.24,51.23,1607
2025-05-08 15:51:53,23.24,51.27,1623
2025-05-08 15:52:28,23.24,51.26,1624
2025-05-08 15:53:33,23.23,51.3,1618
2025-05-08 15:54:43,23.26,51.38,1620
2025-05-08 15:56:18,23.28,51.41,1664
2025-05-08 15:56:48,23.3,51.4,1669
2025-05-08 15:57:18,23.3,51.44,1684
2025-05-08 15:57:48,23.29,51.45,1705
2025-05-08 15:58:13,23.31,51.48,1710
2025-05-08 15:59:24,23.32,51.45,1697
2025-05-08 15:59:54,23.33,51.47,1698
2025-05-08 16:00:24,23.34,51.52,1698
2025-05-08 16:00:54,23.34,51.5,1696
2025-05-08 16:01:24,23.33,51.49,1686
2025-05-08 16:02:54,23.28,51.39,1611
2025-05-08 16:04:24,23.28,51.31,1548
2025-05-08 16:04:59,23.26,51.25,1505
2025-05-08 16:05:34,23.25,51.17,1462
2025-05-08 16:07:14,23.22,51.12,1394
2025-05-08 16:07:49,23.19,51.09,1372
2025-05-08 16:08:19,23.19,51.04,1354
2025-05-08 16:09:25,23.18,51.03,1315
2025-05-08 16:10:25,23.2,51.06,1317
2025-05-08 16:11:00,23.17,50.96,1314
2025-05-08 16:11:35,23.16,50.93,1314
2025-05-08 16:13:15,23.18,50.86,1292
2025-05-08 16:13:45,23.15,50.8,1286
2025-05-08 16:14:15,23.16,50.8,1284
2025-05-08 16:14:45,23.15,50.73,1283
2025-05-08 16:15:15,23.16,50.79,1283
2025-05-08 16:16:20,23.16,50.72,1282
2025-05-08 16:16:50,23.17,50.68,1285
2025-05-08 16:17:20,23.14,50.72,1295
2025-05-08 16:17:50,23.16,50.69,1317
2025-05-08 16:18:56,23.18,50.65,1322
2025-05-08 16:20:06,23.18,50.59,1325
2025-05-08 16:21:06,23.18,50.59,1334
2025-05-08 16:23:46,23.21,50.52,1350
2025-05-08 16:24:47,23.22,50.52,1352
2025-05-08 16:25:17,23.2,50.51,1352
2025-05-08 16:25:52,23.22,50.49,1353
2025-05-08 16:26:22,23.2,50.52,1359
2025-05-08 16:27:02,23.2,50.48,1362
2025-05-08 16:27:32,23.21,50.48,1364
2025-05-08 16:28:07,23.24,50.47,1365
2025-05-08 16:28:42,23.23,50.47,1372
2025-05-08 16:29:17,23.23,50.45,1384
2025-05-08 16:29:52,23.24,50.45,1386
2025-05-08 16:30:22,23.21,50.43,1386
2025-05-08 16:30:52,23.23,50.38,1384
2025-05-08 16:32:57,23.24,50.4,1398
2025-05-08 16:34:02,23.23,50.37,1415
2025-05-08 16:34:37,23.25,50.33,1416
2025-05-08 16:35:12,23.23,50.37,1413
2025-05-08 16:35:42,23.24,50.37,1419
2025-05-08 16:36:07,23.23,50.34,1427
2025-05-08 16:36:32,23.24,50.32,1433
2025-05-08 16:37:02,23.23,50.35,1436
2025-05-08 16:37:37,23.21,50.34,1434
2025-05-08 16:39:27,23.2,50.27,1434
2025-05-08 16:39:57,23.23,50.32,1435
2025-05-08 16:44:07,23.24,50.24,1445
2025-05-08 16:45:47,23.23,50.28,1460
2025-05-08 16:46:52,23.23,50.3,1489
2025-05-08 16:49:02,23.24,50.29,1510
2025-05-08 16:52:18,23.25,50.26,1515
2025-05-08 16:53:23,23.24,50.24,1515
2025-05-08 16:56:08,23.26,50.24,1515
2025-05-08 16:56:43,23.27,50.28,1520
2025-05-08 16:57:13,23.27,50.32,1525
2025-05-08 16:57:48,23.25,50.23,1529
2025-05-08 16:58:18,23.26,50.27,1535
2025-05-08 16:59:24,23.27,50.27,1543
2025-05-08 16:59:59,23.27,50.31,1555
2025-05-08 17:02:14,23.3,50.29,1580
2025-05-08 17:03:19,23.29,50.25,1587
2025-05-08 17:03:49,23.31,50.31,1586
2025-05-08 17:04:24,23.31,50.29,1581
2025-05-08 17:05:29,23.29,50.25,1575
2025-05-08 17:06:35,23.29,50.26,1569
2025-05-08 17:07:05,23.28,50.27,1568
2025-05-08 17:07:40,23.28,50.25,1567
2025-05-08 17:11:55,23.29,50.21,1575
2025-05-08 17:12:30,23.28,50.23,1574
2025-05-08 17:13:35,23.31,50.23,1577
2025-05-08 17:14:10,23.29,50.22,1581
2025-05-08 17:14:45,23.3,50.26,1581
2025-05-08 17:15:20,23.3,50.25,1586
2025-05-08 17:15:55,23.33,50.24,1588
2025-05-08 17:16:30,23.31,50.22,1585
2025-05-08 17:18:40,23.31,50.27,1598
2025-05-08 17:19:15,23.31,50.28,1608
2025-05-08 17:19:50,23.31,50.26,1622
2025-05-08 17:21:31,23.32,50.33,1643
2025-05-08 17:22:01,23.35,50.31,1653
2025-05-08 17:22:36,23.35,50.35,1654
2025-05-08 17:23:11,23.35,50.34,1658
2025-05-08 17:25:56,23.36,50.39,1676
2025-05-08 17:27:02,23.39,50.43,1687
2025-05-08 17:27:32,23.4,50.45,1692
2025-05-08 17:28:02,23.38,50.44,1702
2025-05-08 17:28:37,23.41,50.46,1705
2025-05-08 17:30:47,23.42,50.52,1739
2025-05-08 17:31:27,23.44,50.55,1750
2025-05-08 17:33:07,23.45,50.6,1761
2025-05-08 17:33:42,23.45,50.58,1765
2025-05-08 17:34:17,23.45,50.58,1769
2025-05-08 17:34:52,23.46,50.61,1768
2025-05-08 17:36:02,23.49,50.58,1757
2025-05-08 17:38:07,23.45,50.59,1781
2025-05-08 17:38:47,23.46,50.65,1783
2025-05-08 17:39:22,23.48,50.61,1782
2025-05-08 17:41:03,23.5,50.7,1786
2025-05-08 17:41:33,23.47,50.67,1788
2025-05-08 17:42:03,23.49,50.65,1790
2025-05-08 17:45:43,23.47,50.71,1793
2025-05-08 17:46:18,23.47,50.76,1799
2025-05-08 17:50:03,23.49,50.79,1815
2025-05-08 17:50:28,23.48,50.77,1817
2025-05-08 17:50:58,23.46,50.82,1820
2025-05-08 17:51:28,23.5,50.8,1825
2025-05-08 17:51:58,23.48,50.85,1833
2025-05-08 17:53:39,23.48,50.82,1845
2025-05-08 17:56:14,23.48,50.88,1848
2025-05-08 17:57:44,23.46,50.91,1849
2025-05-08 17:58:39,23.48,50.93,1864
2025-05-08 18:00:39,23.48,50.94,1876
2025-05-08 18:01:14,23.49,50.94,1877
2025-05-08 18:02:24,23.51,51.03,1877
2025-05-08 18:03:54,23.51,51.09,1891
2025-05-08 18:04:29,23.51,51.08,1892
2025-05-08 18:08:15,23.53,51.27,1910
2025-05-08 18:08:50,23.54,51.26,1918
2025-05-08 18:09:20,23.52,51.29,1924
2025-05-08 18:09:50,23.52,51.29,1924
2025-05-08 18:10:20,23.53,51.3,1922
2025-05-08 18:11:20,23.54,51.32,1914
2025-05-08 18:11:50,23.52,51.31,1907
2025-05-08 18:13:20,23.51,51.43,1898
2025-05-08 18:14:15,23.53,51.41,1899
2025-05-08 18:15:21,23.5,51.45,1900
2025-05-08 18:16:26,23.49,51.49,1899
2025-05-08 18:16:51,23.49,51.48,1898
2025-05-08 18:17:26,23.49,51.51,1899
2025-05-08 18:17:51,23.49,51.56,1898
2025-05-08 18:18:16,23.48,51.54,1899
2025-05-08 18:18:51,23.48,51.57,1901
2025-05-08 18:19:26,23.49,51.62,1899
2025-05-08 18:19:56,23.48,51.59,1902
2025-05-08 18:21:01,23.49,51.64,1897
2025-05-08 18:21:31,23.49,51.68,1896
2025-05-08 18:24:06,23.46,51.75,1891
2025-05-08 18:24:41,23.46,51.76,1890
2025-05-08 18:25:46,23.49,51.84,1897
2025-05-08 18:26:21,23.48,51.86,1902
2025-05-08 18:26:51,23.5,51.92,1906
2025-05-08 18:27:26,23.49,52.02,1914
2025-05-08 18:28:01,23.51,52.03,1917
2025-05-08 18:29:01,23.51,51.99,1914
2025-05-08 18:30:36,23.5,52.02,1867
2025-05-08 18:31:42,23.48,52.02,1854
2025-05-08 18:36:27,23.5,52.27,1876
2025-05-08 18:36:57,23.5,52.3,1881
2025-05-08 18:38:03,23.5,52.28,1880
2025-05-08 18:39:38,23.5,52.35,1887
2025-05-08 18:40:08,23.49,52.39,1896
2025-05-08 18:42:13,23.48,52.47,1900
2025-05-08 18:42:43,23.5,52.48,1903
2025-05-08 18:43:13,23.51,52.45,1909
2025-05-08 18:44:58,23.5,52.56,1922
2025-05-08 18:45:58,23.51,52.55,1918
2025-05-08 18:46:23,23.49,52.59,1915
2025-05-08 18:47:33,23.49,52.57,1921
2025-05-08 18:48:08,23.48,52.62,1921
2025-05-08 18:49:43,23.49,52.67,1927
2025-05-08 18:50:18,23.49,52.64,1932
2025-05-08 18:51:24,23.49,52.68,1956
2025-05-08 18:51:54,23.5,52.67,1968
2025-05-08 18:55:49,23.47,52.73,1935
2025-05-08 18:56:24,23.47,52.77,1939
2025-05-08 18:58:04,23.45,52.77,1944
2025-05-08 18:58:34,23.46,52.74,1943
2025-05-08 18:59:04,23.45,52.68,1935
2025-05-08 18:59:34,23.46,52.7,1919
2025-05-08 19:00:04,23.43,52.7,1897
2025-05-08 19:00:34,23.41,52.68,1865
2025-05-08 19:01:34,23.4,52.63,1843
2025-05-08 19:02:40,23.37,52.63,1776
2025-05-08 19:03:10,23.36,52.55,1756
2025-05-08 19:07:00,23.25,52.44,1628
2025-05-08 19:09:10,23.23,52.38,1562
2025-05-08 19:09:45,23.18,52.3,1535
2025-05-08 19:10:45,23.17,52.25,1492
2025-05-08 19:11:50,23.13,52.2,1471
2025-05-08 19:12:20,23.15,52.2,1458
2025-05-08 19:13:21,23.1,52.15,1425
2025-05-08 19:14:26,23.1,52.09,1390
2025-05-08 19:16:06,23.08,52.05,1346
2025-05-08 19:16:41,23.07,51.99,1328
2025-05-08 19:17:41,23.06,51.98,1312
2025-05-08 19:18:11,23.05,51.95,1300
2025-05-08 19:18:41,23.05,51.88,1288
2025-05-08 19:19:11,23.04,51.86,1287
2025-05-08 19:19:41,23.01,51.8,1277
2025-05-08 19:20:11,23.03,51.79,1268
2025-05-08 19:20:41,23.01,51.76,1253
2025-05-08 19:21:06,22.99,51.77,1247
2025-05-08 19:21:36,23.0,51.72,1242
2025-05-08 19:22:41,23.01,51.7,1225
2025-05-08 19:23:11,23.0,51.64,1211
2025-05-08 19:25:41,22.97,51.6,1190
2025-05-08 19:26:16,22.97,51.6,1190
2025-05-08 19:27:16,22.99,51.63,1189
2025-05-08 19:27:41,22.98,51.62,1188
2025-05-08 19:28:46,22.99,51.62,1182
2025-05-08 19:29:21,22.99,51.63,1174
2025-05-08 19:30:21,23.01,51.71,1167
2025-05-08 19:30:51,23.02,51.65,1167
2025-05-08 19:31:57,23.0,51.7,1159
2025-05-08 19:32:57,23.01,51.64,1128
2025-05-08 19:33:27,22.98,51.58,1106
2025-05-08 19:34:57,22.99,51.52,1036
2025-05-08 19:36:27,22.96,51.49,1008
2025-05-08 19:37:37,22.94,51.45,994
2025-05-08 19:38:12,22.92,51.43,979
2025-05-08 19:38:47,22.9,51.42,970
2025-05-08 19:39:53,22.89,51.42,965
2025-05-08 19:40:58,22.89,51.48,958
2025-05-08 19:42:08,22.88,51.5,967
2025-05-08 19:43:08,22.91,51.7,1040
2025-05-08 19:43:43,22.92,51.87,1087
2025-05-08 19:44:13,22.93,51.91,1120
2025-05-08 19:45:18,22.98,51.96,1155
2025-05-08 19:46:49,23.03,52.04,1168
2025-05-08 19:47:29,23.04,52.04,1171
2025-05-08 19:50:19,23.08,52.07,1173
2025-05-08 19:52:59,23.11,52.3,1243
2025-05-08 19:53:34,23.11,52.25,1227
2025-05-08 19:54:34,23.09,52.3,1222
2025-05-08 19:55:04,23.11,52.33,1223
2025-05-08 19:55:34,23.1,52.37,1226
2025-05-08 19:56:04,23.08,52.4,1227
2025-05-08 19:56:39,23.08,52.39,1226
2025-05-08 19:57:49,23.08,52.44,1215
2025-05-08 19:58:59,23.07,52.49,1187
2025-05-08 19:59:34,23.02,52.53,1182
2025-05-08 20:00:09,23.04,52.61,1184
2025-05-08 20:00:44,23.06,52.68,1193
2025-05-08 20:01:19,23.06,52.7,1198
2025-05-08 20:09:20,23.07,53.05,1226
2025-05-08 20:09:50,23.07,53.01,1228
2025-05-08 20:10:25,23.09,53.03,1225
2025-05-08 20:11:00,23.04,53.01,1209
2025-05-08 20:11:35,23.04,53.0,1200
2025-05-08 20:17:25,23.01,53.2,1200
2025-05-08 20:18:00,23.01,53.21,1196
2025-05-08 20:19:10,22.99,53.26,1184
2025-05-08 20:19:45,23.0,53.26,1181
2025-05-08 20:20:50,23.01,53.3,1179
2025-05-08 20:22:01,23.02,53.32,1170
2025-05-08 20:22:36,23.0,53.34,1169
2025-05-08 20:23:11,23.01,53.31,1170
2025-05-08 20:24:16,23.01,53.35,1173
2025-05-08 20:24:46,23.0,53.44,1175
2025-05-08 20:25:16,22.99,53.42,1173
2025-05-08 20:25:46,23.02,53.45,1170
2025-05-08 20:27:41,23.0,53.44,1161
2025-05-08 20:31:41,22.99,53.62,1198
2025-05-08 20:32:16,23.0,53.64,1234
2025-05-08 20:33:16,23.03,53.74,1264
2025-05-08 20:33:46,23.06,53.81,1289
2025-05-08 20:34:16,23.06,53.83,1298
2025-05-08 20:34:46,23.06,53.93,1303
2025-05-08 20:35:16,23.07,53.91,1306
2025-05-08 20:36:22,23.1,54.02,1310
2025-05-08 20:37:22,23.11,54.06,1311
2025-05-08 20:41:12,23.14,54.23,1310
2025-05-08 20:43:52,23.15,54.33,1331
2025-05-08 20:44:27,23.14,54.39,1333
2025-05-08 20:45:32,23.15,54.34,1324
2025-05-08 20:46:58,23.15,54.37,1316
2025-05-08 20:47:28,23.15,54.45,1316
2025-05-08 20:48:03,23.15,54.44,1313
2025-05-08 20:48:38,23.13,54.42,1312
2025-05-08 20:50:23,23.14,54.55,1329
2025-05-08 20:51:18,23.15,54.57,1344
2025-05-08 20:52:23,23.14,54.6,1343
2025-05-08 20:56:38,23.15,54.71,1355
2025-05-08 20:57:08,23.15,54.77,1359
2025-05-08 20:57:38,23.16,54.81,1363
2025-05-08 20:58:08,23.15,54.79,1366
2025-05-08 20:58:38,23.15,54.76,1372
2025-05-08 20:59:08,23.16,54.78,1379
2025-05-08 21:00:39,23.17,54.82,1387
2025-05-08 21:01:39,23.18,54.87,1396
2025-05-08 21:02:14,23.17,54.86,1401
2025-05-08 21:02:54,23.19,54.9,1404
2025-05-08 21:03:29,23.17,54.91,1418
2025-05-08 21:04:04,23.19,54.93,1437
2025-05-08 21:04:34,23.21,54.97,1440
2025-05-08 21:05:49,23.2,55.01,1449
2025-05-08 21:06:29,23.2,55.03,1450
2025-05-08 21:07:54,23.22,55.06,1449
2025-05-08 21:08:19,23.24,55.09,1449
2025-05-08 21:10:04,23.24,55.18,1451
2025-05-08 21:11:54,23.26,55.22,1488
2025-05-08 21:16:14,23.27,55.35,1497
2025-05-08 21:17:54,23.28,55.38,1492
2025-05-08 21:18:19,23.27,55.41,1492
2025-05-08 21:18:54,23.26,55.4,1494
2025-05-08 21:19:24,23.25,55.44,1497
2025-05-08 21:21:35,23.25,55.45,1502
2025-05-08 21:23:15,23.25,55.52,1493
2025-05-08 21:25:30,23.25,55.44,1469
2025-05-08 21:26:05,23.23,55.48,1463
2025-05-08 21:27:45,23.23,55.55,1439
2025-05-08 21:28:15,23.22,55.57,1437
2025-05-08 21:29:20,23.21,55.53,1424
2025-05-08 21:29:55,23.2,55.56,1423
2025-05-08 21:30:30,23.2,55.48,1422
2025-05-08 21:31:40,23.21,55.55,1412
2025-05-08 21:32:46,23.22,55.66,1420
2025-05-08 21:33:56,23.23,55.74,1424
2025-05-08 21:34:31,23.22,55.74,1424
2025-05-08 21:35:06,23.24,55.71,1417
2025-05-08 21:35:41,23.23,55.71,1413
2025-05-08 21:36:16,23.23,55.73,1406
2025-05-08 21:36:51,23.22,55.73,1394
2025-05-08 21:40:06,23.2,55.74,1332
2025-05-08 21:41:11,23.2,55.75,1317
2025-05-08 21:47:12,23.15,55.75,1300
2025-05-08 21:47:47,23.16,55.78,1303
2025-05-08 21:48:22,23.14,55.74,1308
2025-05-08 21:48:57,23.13,55.75,1308
2025-05-08 21:50:07,23.16,55.8,1309
2025-05-08 21:52:18,23.14,55.78,1293
2025-05-08 21:55:43,23.13,55.71,1270
2025-05-08 21:58:28,23.12,55.86,1260
2025-05-08 21:59:33,23.14,55.89,1263
2025-05-08 22:00:43,23.11,55.99,1262
2025-05-08 22:04:09,23.1,55.96,1229
2025-05-08 22:05:14,23.11,56.0,1228
2025-05-08 22:05:54,23.11,56.05,1256
2025-05-08 22:06:24,23.12,56.07,1277
2025-05-08 22:06:59,23.11,56.1,1302
2025-05-08 22:07:29,23.12,56.13,1309
2025-05-08 22:09:09,23.14,56.27,1323
2025-05-08 22:10:14,23.15,56.29,1326
2025-05-08 22:10:49,23.15,56.34,1328
2025-05-08 22:11:19,23.15,56.36,1334
2025-05-08 22:11:49,23.16,56.35,1333
2025-05-08 22:12:54,23.16,56.39,1350
2025-05-08 22:14:04,23.16,56.5,1364
2025-05-08 22:14:29,23.18,56.55,1366
2025-05-08 22:14:54,23.19,56.58,1372
2025-05-08 22:15:29,23.18,56.62,1374
2025-05-08 22:16:49,23.21,56.7,1376
2025-05-08 22:17:55,23.21,56.72,1374
2025-05-08 22:19:05,23.22,56.77,1372
2025-05-08 22:19:30,23.23,56.78,1374
2025-05-08 22:20:10,23.23,56.78,1375
2025-05-08 22:22:45,23.25,56.93,1381
2025-05-08 22:26:35,23.22,56.96,1384
2025-05-08 22:27:41,23.2,57.02,1385
2025-05-08 22:28:16,23.24,57.02,1388
2025-05-08 22:30:01,23.21,56.99,1395
2025-05-08 22:31:06,23.21,56.99,1392
2025-05-08 22:31:36,23.21,56.98,1388
2025-05-08 22:32:06,23.2,57.0,1389
2025-05-08 22:32:36,23.2,56.96,1386
2025-05-08 22:33:11,23.21,57.03,1382
2025-05-08 22:34:51,23.2,57.04,1378
2025-05-08 22:35:26,23.19,57.04,1376
2025-05-08 22:37:36,23.17,56.91,1347
2025-05-08 22:38:11,23.16,56.92,1334
2025-05-08 22:38:41,23.14,56.9,1316
2025-05-08 22:43:42,23.08,56.73,1243
2025-05-08 22:44:17,23.05,56.63,1232
2025-05-08 22:47:07,23.02,56.61,1203
2025-05-08 22:47:42,23.02,56.59,1195
2025-05-08 22:48:17,23.02,56.55,1191
2025-05-08 22:48:52,23.03,56.52,1177
2025-05-08 22:49:27,23.0,56.5,1163
2025-05-08 22:51:07,23.0,56.42,1164
2025-05-08 22:51:42,22.96,56.42,1160
2025-05-08 22:52:42,22.97,56.4,1154
2025-05-08 22:53:48,22.95,56.33,1148
2025-05-08 22:54:23,22.95,56.35,1143
2025-05-08 22:54:53,22.96,56.32,1143
2025-05-08 22:55:23,22.95,56.31,1143
2025-05-08 22:55:58,22.94,56.32,1143
2025-05-08 22:56:28,22.95,56.29,1143
2025-05-08 22:57:03,22.94,56.3,1140
2025-05-08 22:57:38,22.96,56.28,1138
2025-05-08 22:58:13,22.95,56.25,1137
2025-05-08 22:59:53,22.93,56.17,1132
2025-05-08 23:00:28,22.9,56.17,1131
2025-05-08 23:01:38,22.92,56.17,1133
2025-05-08 23:02:49,22.94,56.16,1144
2025-05-08 23:04:34,22.93,56.18,1155
2025-05-08 23:05:09,22.94,56.15,1166
2025-05-08 23:05:39,22.95,56.18,1169
2025-05-08 23:06:19,22.93,56.17,1172
2025-05-08 23:07:29,22.95,56.23,1183
2025-05-08 23:08:04,22.96,56.25,1189
2025-05-08 23:10:14,22.98,56.29,1205
2025-05-08 23:10:49,23.0,56.32,1198
2025-05-08 23:14:45,23.01,56.25,1195
2025-05-08 23:15:20,22.97,56.28,1192
2025-05-08 23:15:55,22.98,56.29,1187
2025-05-08 23:17:05,23.0,56.24,1181
2025-05-08 23:17:35,23.02,56.29,1174
2025-05-08 23:18:10,22.99,56.19,1167
2025-05-08 23:18:45,22.98,56.27,1165
2025-05-08 23:19:20,23.0,56.23,1163
2025-05-08 23:20:30,22.96,56.21,1155
2025-05-08 23:21:40,22.95,56.17,1147
2025-05-08 23:22:51,22.94,56.14,1140
2025-05-08 23:23:56,22.93,56.15,1130
2025-05-08 23:25:36,22.94,56.05,1115
2025-05-08 23:26:37,22.9,56.05,1104
2025-05-08 23:27:07,22.9,55.99,1099
2025-05-08 23:27:42,22.91,56.04,1096
2025-05-08 23:28:12,22.9,55.98,1094
2025-05-08 23:28:47,22.9,55.96,1094
2025-05-08 23:29:47,22.9,55.99,1090
2025-05-08 23:32:02,22.86,55.89,1070
2025-05-08 23:32:37,22.86,55.86,1067
2025-05-08 23:33:12,22.85,55.88,1065
2025-05-08 23:34:17,22.86,55.83,1059
2025-05-08 23:34:52,22.85,55.89,1056
2025-05-08 23:35:22,22.83,55.78,1052
2025-05-08 23:35:57,22.83,55.82,1047
2025-05-08 23:37:37,22.83,55.79,1042
2025-05-08 23:38:42,22.82,55.72,1036
2025-05-08 23:39:12,22.8,55.67,1034
2025-05-08 23:40:52,22.81,55.63,1023
2025-05-08 23:41:27,22.83,55.61,1022
2025-05-08 23:42:02,22.81,55.63,1019
2025-05-08 23:43:43,22.8,55.57,1002
2025-05-08 23:44:48,22.79,55.48,999
2025-05-08 23:45:23,22.78,55.49,998
2025-05-08 23:45:58,22.78,55.46,996
2025-05-08 23:47:03,22.79,55.37,990
2025-05-08 23:48:13,22.77,55.38,983
2025-05-08 23:49:18,22.76,55.34,980
2025-05-08 23:49:53,22.75,55.29,976
2025-05-08 23:51:04,22.76,55.25,970
2025-05-08 23:52:14,22.76,55.27,964
2025-05-08 23:53:24,22.74,55.23,964
2025-05-08 23:53:59,22.79,55.24,965
2025-05-08 23:54:34,22.77,55.22,965
2025-05-08 23:55:04,22.74,55.18,966
2025-05-08 23:55:34,22.75,55.22,966
2025-05-08 23:56:04,22.75,55.17,967
2025-05-08 23:56:34,22.77,55.15,968
2025-05-08 23:59:15,22.77,55.16,975
2025-05-08 23:59:50,22.77,55.16,974
2025-05-09 00:00:55,22.75,55.13,971
2025-05-09 00:01:30,22.76,55.1,971
2025-05-09 00:02:00,22.76,55.15,970
2025-05-09 00:03:05,22.75,55.16,971
2025-05-09 00:03:40,22.75,55.1,971
2025-05-09 00:04:15,22.75,55.09,971
2025-05-09 00:04:50,22.76,55.18,971
2025-05-09 00:05:50,22.75,55.13,974
2025-05-09 00:06:25,22.75,55.12,976
2025-05-09 00:08:05,22.76,55.16,980
2025-05-09 00:08:40,22.76,55.22,984
2025-05-09 00:09:15,22.75,55.19,987
2025-05-09 00:10:56,22.77,55.17,993
2025-05-09 00:12:06,22.77,55.22,997
2025-05-09 00:12:41,22.76,55.2,997
2025-05-09 00:13:46,22.77,55.2,999
2025-05-09 00:14:51,22.76,55.22,1001
2025-05-09 00:17:01,22.75,55.26,1014
2025-05-09 00:17:36,22.78,55.27,1019
2025-05-09 00:18:41,22.78,55.31,1022
2025-05-09 00:19:16,22.79,55.3,1022
2025-05-09 00:20:22,22.77,55.28,1025
2025-05-09 00:20:57,22.78,55.33,1027
2025-05-09 00:21:32,22.76,55.31,1027
2025-05-09 00:22:32,22.75,55.32,1031
2025-05-09 00:23:07,22.8,55.36,1033
2025-05-09 00:24:12,22.78,55.38,1035
2025-05-09 00:25:12,22.79,55.35,1037
2025-05-09 00:25:47,22.76,55.41,1036
2025-05-09 00:26:22,22.75,55.36,1036
2025-05-09 00:26:52,22.76,55.42,1036
2025-05-09 00:28:32,22.79,55.41,1034
2025-05-09 00:29:07,22.77,55.37,1034
2025-05-09 00:29:42,22.78,55.41,1033
2025-05-09 00:30:52,22.76,55.41,1030
2025-05-09 00:31:58,22.75,55.37,1029
2025-05-09 00:33:03,22.75,55.41,1027
2025-05-09 00:34:13,22.74,55.41,1025
2025-05-09 00:35:18,22.72,55.37,1027
2025-05-09 00:35:58,22.75,55.47,1030
2025-05-09 00:37:03,22.75,55.42,1031
2025-05-09 00:37:33,22.74,55.44,1030
2025-05-09 00:38:08,22.71,55.42,1030
2025-05-09 00:38:43,22.74,55.42,1030
2025-05-09 00:39:48,22.73,55.46,1029
2025-05-09 00:40:53,22.71,55.43,1025
2025-05-09 00:41:59,22.71,55.4,1025
2025-05-09 00:43:04,22.72,55.43,1024
2025-05-09 00:43:39,22.7,55.41,1026
2025-05-09 00:44:09,22.69,55.41,1026
2025-05-09 00:45:09,22.7,55.45,1024
2025-05-09 00:45:39,22.69,55.42,1023
2025-05-09 01:13:38,22.84,55.81,1201
2025-05-09 01:14:08,22.86,55.85,1216
2025-05-09 01:14:43,22.84,55.83,1224
2025-05-09 01:15:13,22.87,55.87,1233
2025-05-09 01:15:48,22.86,55.82,1240
2025-05-09 01:16:54,22.84,55.82,1240
2025-05-09 01:17:24,22.86,55.77,1238
2025-05-09 01:18:29,22.84,55.81,1234
2025-05-09 01:18:59,22.83,55.76,1230
2025-05-09 01:20:04,22.82,55.82,1229
2025-05-09 01:20:34,22.83,55.85,1229
2025-05-09 01:21:09,22.82,55.81,1226
2025-05-09 01:21:39,22.81,55.87,1227
2025-05-09 01:22:45,22.8,55.9,1240
2025-05-09 01:23:50,22.81,55.99,1249
2025-05-09 01:25:20,22.82,55.96,1239
2025-05-09 01:25:55,22.79,55.96,1236
2025-05-09 01:26:20,22.78,56.0,1235
2025-05-09 01:26:50,22.79,55.98,1231
2025-05-09 01:27:20,22.78,55.97,1230
2025-05-09 01:27:50,22.8,56.0,1227
2025-05-09 01:28:55,22.79,56.02,1224
2025-05-09 01:30:01,22.77,56.02,1218
2025-05-09 01:30:36,22.76,56.03,1212
2025-05-09 01:31:06,22.78,56.13,1201
2025-05-09 01:31:36,22.79,56.21,1203
2025-05-09 01:32:06,22.8,56.32,1203
2025-05-09 01:33:11,22.83,56.46,1210
2025-05-09 01:33:41,22.84,56.57,1221
2025-05-09 01:34:11,22.86,56.64,1240
2025-05-09 01:34:46,22.9,56.68,1249
2025-05-09 01:35:21,22.92,56.7,1260
2025-05-09 01:35:51,22.89,56.69,1262
2025-05-09 01:36:21,22.91,56.8,1261
2025-05-09 01:36:51,22.91,56.84,1259
2025-05-09 01:37:57,22.91,56.88,1260
2025-05-09 01:38:27,22.9,56.86,1262
2025-05-09 01:39:32,22.9,56.9,1257
2025-05-09 01:40:32,22.88,56.9,1256
2025-05-09 01:41:02,22.88,56.9,1252
2025-05-09 01:42:07,22.87,56.93,1238
2025-05-09 01:42:42,22.85,56.89,1234
2025-05-09 01:43:47,22.86,56.98,1231
2025-05-09 01:44:22,22.83,56.9,1229
2025-05-09 01:44:52,22.83,56.93,1226
2025-05-09 01:45:58,22.8,56.97,1220
2025-05-09 01:46:28,22.8,56.91,1219
2025-05-09 01:47:33,22.8,56.94,1211
2025-05-09 01:48:08,22.78,56.92,1200
2025-05-09 01:48:38,22.77,56.88,1195
2025-05-09 01:49:13,22.77,56.9,1193
2025-05-09 01:50:23,22.76,56.93,1189
2025-05-09 01:52:34,22.72,56.9,1191
2025-05-09 01:54:04,22.72,56.88,1192
2025-05-09 01:54:39,22.72,56.85,1193
2025-05-09 01:55:19,22.7,56.86,1193
2025-05-09 01:55:54,22.69,56.83,1192
2025-05-09 01:56:59,22.7,56.86,1192
2025-05-09 01:58:04,22.69,56.86,1194
2025-05-09 01:59:04,22.66,56.79,1192
2025-05-09 02:00:39,22.67,56.8,1195
2025-05-09 02:01:09,22.65,56.77,1197
2025-05-09 02:01:34,22.65,56.83,1196
2025-05-09 02:02:35,22.65,56.71,1198
2025-05-09 02:03:05,22.65,56.75,1198
2025-05-09 02:03:35,22.65,56.74,1197
2025-05-09 02:05:10,22.64,56.72,1197
2025-05-09 02:05:45,22.64,56.72,1199
2025-05-09 02:06:20,22.64,56.69,1199
2025-05-09 02:06:55,22.66,56.71,1198
2025-05-09 02:08:00,22.64,56.73,1199
2025-05-09 02:08:35,22.62,56.76,1199
2025-05-09 02:09:10,22.63,56.7,1199
2025-05-09 02:09:45,22.64,56.67,1199
2025-05-09 02:10:20,22.64,56.67,1198
2025-05-09 02:11:25,22.63,56.63,1193
2025-05-09 02:12:00,22.62,56.62,1192
2025-05-09 02:13:10,22.6,56.65,1192
2025-05-09 02:14:45,22.6,56.57,1192
2025-05-09 02:15:20,22.61,56.59,1189
2025-05-09 02:15:55,22.6,56.6,1189
2025-05-09 02:17:06,22.62,56.62,1189
2025-05-09 02:17:41,22.62,56.61,1190
2025-05-09 02:18:16,22.6,56.61,1191
2025-05-09 02:18:51,22.59,56.54,1187
2025-05-09 02:19:26,22.61,56.57,1187
2025-05-09 02:20:01,22.61,56.54,1187
2025-05-09 02:20:36,22.59,56.51,1186
2025-05-09 02:21:06,22.6,56.49,1190
2025-05-09 02:21:41,22.6,56.5,1189
2025-05-09 02:22:51,22.59,56.46,1184
2025-05-09 02:23:56,22.59,56.48,1182
2025-05-09 02:24:31,22.58,56.49,1180
2025-05-09 02:25:01,22.59,56.47,1177
2025-05-09 02:27:12,22.6,56.49,1173
2025-05-09 02:27:42,22.58,56.47,1168
2025-05-09 02:29:17,22.58,56.46,1164
2025-05-09 02:29:52,22.58,56.46,1163
2025-05-09 02:32:32,22.61,56.47,1179
2025-05-09 02:33:32,22.61,56.53,1183
2025-05-09 02:33:57,22.62,56.52,1182
2025-05-09 02:34:32,22.61,56.5,1181
2025-05-09 02:35:07,22.61,56.47,1180
2025-05-09 02:35:42,22.61,56.48,1181
2025-05-09 02:36:17,22.61,56.56,1180
2025-05-09 02:36:52,22.62,56.55,1180
2025-05-09 02:37:58,22.63,56.48,1181
2025-05-09 02:38:33,22.6,56.47,1181
2025-05-09 02:39:33,22.63,56.54,1174
2025-05-09 02:40:08,22.6,56.51,1174
2025-05-09 02:40:43,22.61,56.48,1172
2025-05-09 02:41:18,22.62,56.48,1171
2025-05-09 02:42:28,22.61,56.46,1168
2025-05-09 02:42:58,22.62,56.47,1167
2025-05-09 02:43:33,22.61,56.48,1165
2025-05-09 02:44:08,22.62,56.47,1162
2025-05-09 02:45:13,22.6,56.49,1162
2025-05-09 02:45:48,22.61,56.49,1162
2025-05-09 02:46:23,22.6,56.49,1161
2025-05-09 02:47:33,22.6,56.44,1156
2025-05-09 02:49:09,22.61,56.44,1149
2025-05-09 02:49:39,22.59,56.5,1146
2025-05-09 02:50:09,22.58,56.44,1145
2025-05-09 02:50:39,22.61,56.48,1145
2025-05-09 02:52:14,22.61,56.45,1147
2025-05-09 02:53:19,22.59,56.46,1144
2025-05-09 02:55:29,22.59,56.43,1143
2025-05-09 02:55:59,22.56,56.42,1143
2025-05-09 02:57:09,22.6,56.43,1143
2025-05-09 02:57:39,22.57,56.44,1141
2025-05-09 02:58:14,22.6,56.41,1141
2025-05-09 02:58:49,22.56,56.43,1139
2025-05-09 02:59:19,22.59,56.43,1139
2025-05-09 02:59:54,22.57,56.42,1139
2025-05-09 03:00:24,22.58,56.44,1140
2025-05-09 03:01:24,22.58,56.42,1140
2025-05-09 03:01:59,22.57,56.41,1143
2025-05-09 03:02:34,22.59,56.45,1140
2025-05-09 03:03:09,22.59,56.46,1138
2025-05-09 03:04:15,22.57,56.45,1136
2025-05-09 03:04:50,22.59,56.5,1137
2025-05-09 03:06:00,22.59,56.44,1140
2025-05-09 03:07:05,22.59,56.44,1139
2025-05-09 03:08:05,22.59,56.42,1137
2025-05-09 03:09:40,22.57,56.41,1136
2025-05-09 03:13:15,22.56,56.43,1136
2025-05-09 03:15:45,22.56,56.52,1143
2025-05-09 03:16:51,22.56,56.47,1142
2025-05-09 03:17:21,22.58,56.46,1145
2025-05-09 03:17:51,22.57,56.48,1144
2025-05-09 03:18:16,22.57,56.46,1144
2025-05-09 03:18:46,22.58,56.48,1144
2025-05-09 03:19:16,22.59,56.48,1146
2025-05-09 03:19:46,22.57,56.46,1147
2025-05-09 03:23:01,22.57,56.44,1142
2025-05-09 03:23:31,22.57,56.46,1142
2025-05-09 03:24:01,22.57,56.45,1141
2025-05-09 03:24:31,22.57,56.48,1143
2025-05-09 03:25:36,22.59,56.49,1147
2025-05-09 03:26:37,22.56,56.48,1147
2025-05-09 03:27:07,22.56,56.48,1147
2025-05-09 03:27:42,22.58,56.5,1148
2025-05-09 03:28:07,22.57,56.5,1146
2025-05-09 03:28:32,22.56,56.45,1145
2025-05-09 03:28:57,22.58,56.49,1142
2025-05-09 03:29:47,22.57,56.48,1143
2025-05-09 03:30:12,22.57,56.5,1143
2025-05-09 03:31:47,22.57,56.52,1146
2025-05-09 03:32:22,22.56,56.48,1147
2025-05-09 03:32:52,22.57,56.52,1147
2025-05-09 03:34:27,22.55,56.51,1151
2025-05-09 03:37:47,22.56,56.51,1148
2025-05-09 03:38:22,22.55,56.5,1146
2025-05-09 03:39:27,22.56,56.53,1148
2025-05-09 03:39:57,22.56,56.54,1148
2025-05-09 03:41:58,22.56,56.56,1152
2025-05-09 03:42:33,22.56,56.52,1150
2025-05-09 03:44:03,22.56,56.58,1150
2025-05-09 03:44:58,22.57,56.59,1149
2025-05-09 03:45:33,22.56,56.56,1151
2025-05-09 03:46:33,22.55,56.61,1151
2025-05-09 03:46:58,22.56,56.55,1149
2025-05-09 03:48:03,22.54,56.58,1151
2025-05-09 03:48:33,22.56,56.59,1150
2025-05-09 03:49:08,22.56,56.6,1148
2025-05-09 03:50:03,22.56,56.62,1145
2025-05-09 03:51:38,22.54,56.58,1147
2025-05-09 03:52:03,22.56,56.63,1145
2025-05-09 03:52:28,22.57,56.65,1143
2025-05-09 03:53:33,22.56,56.57,1138
2025-05-09 03:54:38,22.54,56.64,1136
2025-05-09 03:55:39,22.56,56.66,1137
2025-05-09 03:56:14,22.58,56.65,1138
2025-05-09 03:57:19,22.56,56.71,1136
2025-05-09 03:57:54,22.56,56.69,1134
2025-05-09 03:59:34,22.55,56.69,1131
2025-05-09 04:00:44,22.55,56.7,1134
2025-05-09 04:01:19,22.54,56.71,1132
2025-05-09 04:02:24,22.59,56.73,1131
2025-05-09 04:03:04,22.57,56.71,1130
2025-05-09 04:04:10,22.55,56.75,1127
2025-05-09 04:04:45,22.57,56.72,1127
2025-05-09 04:05:15,22.56,56.76,1124
2025-05-09 04:05:45,22.56,56.72,1123
2025-05-09 04:06:20,22.55,56.72,1121
2025-05-09 04:07:25,22.55,56.75,1120
2025-05-09 04:08:00,22.56,56.79,1119
2025-05-09 04:08:35,22.57,56.81,1115
2025-05-09 04:09:40,22.57,56.8,1112
2025-05-09 04:11:20,22.55,56.77,1108
2025-05-09 04:11:55,22.56,56.78,1110
2025-05-09 04:13:00,22.56,56.81,1109
2025-05-09 04:14:40,22.56,56.85,1108
2025-05-09 04:15:15,22.55,56.82,1107
2025-05-09 04:16:21,22.56,56.76,1109
2025-05-09 04:16:51,22.55,56.82,1109
2025-05-09 04:17:51,22.56,56.84,1105
2025-05-09 04:18:26,22.54,56.8,1105
2025-05-09 04:18:56,22.56,56.77,1106
2025-05-09 04:19:26,22.56,56.82,1105
2025-05-09 04:20:31,22.56,56.85,1103
2025-05-09 04:21:36,22.54,56.83,1101
2025-05-09 04:22:46,22.52,56.83,1099
2025-05-09 04:23:46,22.54,56.84,1097
2025-05-09 04:24:16,22.55,56.86,1097
2025-05-09 04:25:46,22.55,56.88,1095
2025-05-09 04:26:47,22.56,56.83,1094
2025-05-09 04:27:17,22.56,56.89,1095
2025-05-09 04:27:42,22.53,56.92,1097
2025-05-09 04:28:07,22.53,56.86,1096
2025-05-09 04:28:32,22.52,56.87,1094
2025-05-09 04:29:07,22.53,56.92,1094
2025-05-09 04:29:37,22.55,56.85,1093
2025-05-09 04:30:12,22.52,56.85,1093
2025-05-09 04:30:47,22.54,56.87,1094
2025-05-09 04:31:17,22.52,56.91,1095
2025-05-09 04:32:27,22.52,56.89,1091
2025-05-09 04:32:57,22.52,56.82,1092
2025-05-09 04:33:32,22.53,56.89,1091
2025-05-09 04:34:07,22.53,56.88,1090
2025-05-09 04:35:17,22.54,56.91,1087
2025-05-09 04:35:52,22.54,56.89,1086
2025-05-09 04:36:57,22.53,56.9,1090
2025-05-09 04:37:32,22.52,56.87,1089
2025-05-09 04:38:02,22.51,56.88,1088
2025-05-09 04:39:37,22.5,56.83,1066
2025-05-09 04:40:07,22.51,56.79,1059
2025-05-09 04:41:12,22.49,56.76,1053
2025-05-09 04:41:42,22.46,56.8,1058
2025-05-09 04:49:03,22.49,57.21,1149
2025-05-09 04:50:08,22.51,57.35,1170
2025-05-09 04:50:38,22.52,57.25,1174
2025-05-09 04:51:08,22.53,57.29,1173
2025-05-09 04:51:38,22.54,57.32,1173
2025-05-09 04:52:38,22.54,57.38,1180
2025-05-09 04:53:13,22.53,57.4,1185
2025-05-09 04:54:18,22.56,57.48,1199
2025-05-09 04:54:53,22.54,57.52,1202
2025-05-09 04:56:29,22.57,57.59,1226
2025-05-09 04:56:59,22.61,57.67,1227
2025-05-09 04:57:34,22.59,57.71,1229
2025-05-09 04:59:14,22.62,57.87,1259
2025-05-09 05:00:49,22.63,57.86,1261
2025-05-09 05:01:59,22.64,57.88,1251
2025-05-09 05:02:34,22.62,57.89,1247
2025-05-09 05:03:39,22.63,57.9,1238
2025-05-09 05:04:14,22.64,57.92,1237
2025-05-09 05:04:49,22.64,57.99,1236
2025-05-09 05:05:24,22.65,58.09,1229
2025-05-09 05:06:35,22.65,58.21,1227
2025-05-09 05:07:45,22.67,58.21,1222
2025-05-09 05:08:20,22.67,58.24,1224
2025-05-09 05:09:55,22.67,58.24,1213
2025-05-09 05:11:35,22.65,58.23,1205
2025-05-09 05:12:10,22.66,58.27,1202
2025-05-09 05:12:45,22.64,58.18,1201
2025-05-09 05:14:15,22.64,58.18,1193
2025-05-09 05:14:45,22.64,58.2,1190
2025-05-09 05:15:15,22.66,58.23,1188
2025-05-09 05:16:15,22.64,58.18,1185
2025-05-09 05:16:50,22.61,58.18,1177
2025-05-09 05:17:25,22.62,58.17,1174
2025-05-09 05:18:00,22.61,58.17,1169
2025-05-09 05:19:06,22.6,58.15,1164
2025-05-09 05:19:41,22.6,58.11,1163
2025-05-09 05:20:41,22.62,58.14,1156
2025-05-09 05:21:11,22.58,58.16,1158
2025-05-09 05:22:01,22.63,58.39,1160
2025-05-09 05:22:26,22.65,58.51,1163
2025-05-09 05:22:56,22.67,58.67,1172
2025-05-09 05:23:31,22.69,58.87,1183
2025-05-09 05:25:06,22.75,59.12,1200
2025-05-09 05:25:41,22.77,59.2,1207
2025-05-09 05:26:46,22.79,59.2,1208
2025-05-09 05:27:41,22.8,59.17,1210
2025-05-09 05:28:16,22.82,59.15,1211
2025-05-09 05:28:51,22.81,59.29,1214
2025-05-09 05:30:22,22.8,59.28,1214
2025-05-09 05:30:57,22.79,59.28,1214
2025-05-09 05:31:32,22.78,59.3,1213
2025-05-09 05:32:37,22.76,59.32,1213
2025-05-09 05:33:12,22.76,59.27,1212
2025-05-09 05:34:17,22.74,59.32,1210
2025-05-09 05:34:47,22.71,59.3,1208
2025-05-09 05:36:27,22.7,59.28,1201
2025-05-09 05:37:32,22.7,59.26,1200
2025-05-09 05:38:07,22.68,59.27,1199
2025-05-09 05:39:17,22.65,59.31,1196
2025-05-09 05:39:47,22.67,59.28,1193
2025-05-09 05:41:18,22.65,59.21,1189
2025-05-09 05:41:48,22.65,59.21,1189
2025-05-09 05:42:23,22.63,59.17,1188
2025-05-09 05:42:58,22.63,59.2,1187
2025-05-09 05:46:08,22.59,59.08,1178
2025-05-09 05:46:43,22.58,59.07,1177
2025-05-09 05:47:08,22.58,59.03,1175
2025-05-09 05:47:38,22.58,59.01,1172
2025-05-09 05:48:08,22.6,59.01,1172
2025-05-09 05:49:38,22.55,58.95,1167
2025-05-09 05:50:08,22.55,58.97,1167
2025-05-09 05:51:13,22.55,58.92,1165
2025-05-09 05:51:48,22.54,58.93,1166
2025-05-09 05:52:43,22.54,58.89,1161
2025-05-09 05:53:48,22.55,58.89,1160
2025-05-09 05:54:19,22.56,58.81,1157
2025-05-09 05:54:49,22.55,58.83,1155
2025-05-09 05:55:19,22.55,58.78,1155
2025-05-09 05:55:49,22.54,58.83,1155
2025-05-09 05:56:19,22.52,58.78,1155
2025-05-09 05:56:49,22.55,58.78,1153
2025-05-09 05:57:19,22.52,58.77,1151
2025-05-09 05:57:48,22.53,58.77,1152
2025-05-09 05:58:49,22.52,58.68,1152
2025-05-09 05:59:44,22.52,58.73,1150
2025-05-09 06:00:49,22.52,58.67,1147
2025-05-09 06:02:59,22.51,58.64,1144
2025-05-09 06:03:29,22.51,58.57,1141
2025-05-09 06:05:04,22.51,58.59,1133
2025-05-09 06:05:34,22.49,58.55,1131
2025-05-09 06:06:04,22.51,58.53,1132
2025-05-09 06:06:39,22.49,58.49,1130
2025-05-09 06:10:25,22.49,58.48,1119
2025-05-09 06:10:55,22.5,58.5,1119
2025-05-09 06:11:25,22.5,58.51,1118
2025-05-09 06:11:55,22.5,58.49,1116
2025-05-09 06:15:05,22.49,58.37,1107
2025-05-09 06:17:05,22.5,58.34,1098
2025-05-09 06:17:40,22.49,58.32,1097
2025-05-09 06:18:15,22.49,58.35,1094
2025-05-09 06:19:20,22.5,58.31,1091
2025-05-09 06:20:25,22.51,58.32,1089
2025-05-09 06:21:00,22.52,58.34,1091
2025-05-09 06:21:30,22.51,58.27,1093
2025-05-09 06:22:00,22.51,58.29,1094
2025-05-09 06:22:30,22.5,58.31,1095
2025-05-09 06:23:05,22.51,58.27,1096
2025-05-09 06:23:35,22.5,58.27,1097
2025-05-09 06:24:10,22.53,58.29,1097
2025-05-09 06:27:31,22.52,58.23,1095
2025-05-09 06:28:06,22.51,58.19,1099
2025-05-09 06:29:46,22.52,58.21,1101
2025-05-09 06:30:21,22.52,58.18,1101
2025-05-09 06:32:26,22.54,58.17,1101
2025-05-09 06:33:01,22.52,58.19,1102
2025-05-09 06:33:36,22.53,58.18,1102
2025-05-09 06:34:11,22.52,58.19,1105
2025-05-09 06:35:16,22.52,58.16,1140
2025-05-09 06:36:27,22.54,58.2,1166
2025-05-09 06:37:02,22.54,58.21,1170
2025-05-09 06:37:37,22.54,58.16,1175
2025-05-09 06:38:12,22.53,58.16,1175
2025-05-09 06:39:52,22.56,58.22,1179
2025-05-09 06:40:27,22.53,58.21,1181
2025-05-09 06:41:02,22.56,58.23,1183
2025-05-09 06:41:37,22.57,58.23,1187
2025-05-09 06:42:42,22.58,58.26,1193
2025-05-09 06:45:57,22.54,58.25,1207
2025-05-09 06:46:37,22.55,58.26,1210
2025-05-09 06:48:18,22.54,58.25,1220
2025-05-09 06:48:48,22.54,58.31,1224
2025-05-09 06:53:08,22.56,58.22,1227
2025-05-09 06:54:43,22.57,58.33,1244
2025-05-09 06:55:13,22.57,58.32,1256
2025-05-09 07:00:03,22.59,58.37,1366
2025-05-09 07:01:38,22.61,58.39,1384
2025-05-09 07:02:13,22.63,58.38,1382
2025-05-09 07:03:18,22.6,58.36,1370
2025-05-09 07:03:53,22.59,58.34,1357
2025-05-09 07:04:28,22.59,58.35,1352
2025-05-09 07:05:03,22.59,58.3,1350
2025-05-09 07:05:38,22.62,58.35,1345
2025-05-09 07:06:49,22.59,58.39,1344
2025-05-09 07:07:59,22.61,58.45,1342
2025-05-09 07:09:09,22.66,58.51,1347
2025-05-09 07:10:20,22.62,58.51,1354
2025-05-09 07:10:55,22.63,58.5,1356
2025-05-09 07:11:30,22.65,58.5,1359
2025-05-09 07:13:40,22.67,58.56,1357
2025-05-09 07:17:25,22.68,58.66,1385
2025-05-09 07:18:00,22.69,58.65,1388
2025-05-09 07:19:05,22.71,58.71,1386
2025-05-09 07:19:40,22.71,58.68,1379
2025-05-09 07:20:15,22.7,58.71,1373
2025-05-09 07:20:45,22.71,58.77,1371
2025-05-09 07:21:20,22.72,58.78,1368
2025-05-09 07:22:30,22.73,58.85,1358
2025-05-09 07:23:05,22.75,58.86,1360
2025-05-09 07:23:40,22.74,58.88,1360
2025-05-09 07:24:15,22.74,58.89,1363
2025-05-09 07:25:26,22.75,58.91,1369
2025-05-09 07:26:01,22.75,58.95,1369
2025-05-09 07:26:36,22.73,58.86,1362
2025-05-09 07:27:11,22.76,58.89,1353
2025-05-09 07:28:51,22.73,58.9,1337
2025-05-09 07:29:26,22.73,58.91,1332
2025-05-09 07:31:06,22.75,58.89,1322
2025-05-09 07:31:41,22.72,58.85,1316
2025-05-09 07:32:16,22.74,58.91,1309
2025-05-09 07:32:51,22.7,58.88,1305
2025-05-09 07:34:22,22.69,58.91,1293
2025-05-09 07:34:52,22.74,58.93,1290
2025-05-09 07:35:47,22.7,58.86,1283
2025-05-09 07:36:12,22.7,58.9,1276
2025-05-09 07:36:42,22.71,58.9,1275
2025-05-09 07:40:27,22.71,58.96,1255
2025-05-09 07:43:12,22.7,58.95,1242
2025-05-09 07:43:47,22.71,58.9,1241
2025-05-09 07:44:47,22.69,58.9,1235
2025-05-09 07:45:17,22.69,58.9,1234
2025-05-09 07:45:47,22.69,58.95,1236
2025-05-09 07:47:27,22.69,58.95,1249
2025-05-09 07:48:33,22.72,58.94,1252
2025-05-09 07:49:03,22.71,58.89,1258
2025-05-09 07:49:33,22.73,58.95,1258
2025-05-09 07:50:03,22.71,58.97,1260
2025-05-09 07:51:03,22.72,58.98,1263
2025-05-09 07:51:33,22.71,58.99,1260
2025-05-09 07:53:18,22.75,59.08,1261
2025-05-09 07:53:48,22.74,58.99,1263
2025-05-09 07:54:53,22.74,59.0,1267
2025-05-09 07:55:28,22.75,59.03,1268
2025-05-09 07:56:33,22.72,58.97,1273
2025-05-09 07:57:08,22.75,58.97,1272
2025-05-09 07:57:38,22.74,58.95,1268
2025-05-09 07:58:13,22.76,58.91,1268
2025-05-09 07:59:14,22.72,58.93,1265
2025-05-09 07:59:39,22.73,58.91,1262
2025-05-09 08:00:44,22.76,58.94,1255
2025-05-09 08:01:19,22.74,58.89,1254
2025-05-09 08:01:49,22.74,58.9,1251
2025-05-09 08:02:19,22.75,58.89,1249
2025-05-09 08:02:49,22.74,58.92,1246
2025-05-09 08:03:54,22.76,58.92,1239
2025-05-09 08:04:24,22.72,58.84,1239
2025-05-09 08:08:29,22.72,58.79,1223
2025-05-09 08:10:09,22.73,58.77,1215
2025-05-09 08:16:04,22.73,58.68,1197
2025-05-09 08:16:39,22.73,58.65,1195
2025-05-09 08:17:14,22.72,58.7,1194
2025-05-09 08:18:19,22.73,58.6,1186
2025-05-09 08:18:54,22.72,58.6,1185
2025-05-09 08:19:24,22.71,58.56,1180
2025-05-09 08:20:30,22.71,58.58,1174
2025-05-09 08:21:00,22.72,58.58,1170
2025-05-09 08:21:30,22.72,58.51,1169
2025-05-09 08:22:00,22.71,58.53,1168
2025-05-09 08:24:30,22.72,58.44,1158
2025-05-09 08:25:35,22.7,58.45,1152
2025-05-09 08:26:05,22.72,58.45,1153
2025-05-09 08:28:46,22.73,58.48,1148
2025-05-09 08:29:51,22.72,58.46,1143
2025-05-09 08:30:26,22.72,58.45,1144
2025-05-09 08:32:06,22.72,58.43,1150
2025-05-09 08:32:41,22.76,58.45,1146
2025-05-09 08:33:11,22.73,58.42,1143
2025-05-09 08:33:41,22.75,58.46,1140
2025-05-09 08:34:11,22.73,58.41,1136
2025-05-09 08:34:46,22.75,58.44,1140
2025-05-09 08:40:01,22.77,58.44,1267
2025-05-09 08:40:36,22.79,58.47,1250
2025-05-09 08:41:06,22.78,58.43,1229
2025-05-09 08:41:41,22.79,58.4,1211
2025-05-09 08:42:16,22.78,58.44,1197
2025-05-09 08:42:51,22.79,58.42,1196
2025-05-09 08:43:26,22.77,58.33,1193
2025-05-09 08:44:01,22.76,58.32,1181
2025-05-09 08:44:36,22.75,58.31,1172
2025-05-09 08:45:47,22.77,58.3,1151
2025-05-09 08:46:57,22.77,58.32,1139
2025-05-09 08:47:27,22.76,58.3,1139
2025-05-09 08:48:37,22.76,58.27,1132
2025-05-09 08:49:43,22.76,58.3,1129
2025-05-09 08:50:13,22.76,58.25,1129
2025-05-09 08:50:43,22.76,58.26,1129
2025-05-09 08:53:58,22.77,58.26,1124
2025-05-09 08:54:33,22.75,58.18,1123
2025-05-09 08:57:13,22.8,58.4,1142
2025-05-09 08:57:43,22.79,58.37,1167
2025-05-09 09:00:59,22.82,58.31,1195
2025-05-09 09:01:34,22.79,58.24,1190
2025-05-09 09:03:09,22.8,58.25,1148
2025-05-09 09:04:14,22.81,58.27,1134
2025-05-09 09:04:49,22.82,58.24,1131
2025-05-09 09:09:54,22.81,58.15,1122
2025-05-09 09:10:29,22.79,58.13,1111
2025-05-09 09:11:04,22.77,58.1,1101
2025-05-09 09:12:09,22.79,58.07,1086
2025-05-09 09:12:44,22.77,58.07,1082
2025-05-09 09:13:19,22.78,58.07,1073
2025-05-09 09:14:30,22.78,58.06,1068
2025-05-09 09:15:05,22.8,58.1,1066
2025-05-09 09:16:15,22.77,58.04,1057
2025-05-09 09:16:45,22.77,58.08,1055
2025-05-09 09:17:55,22.77,58.07,1048
2025-05-09 09:18:30,22.79,58.05,1043
2025-05-09 09:19:05,22.79,58.03,1043
2025-05-09 09:21:50,22.8,57.99,1033
2025-05-09 09:22:25,22.78,58.08,1034
2025-05-09 09:24:36,22.8,58.03,1031
2025-05-09 09:25:16,22.81,58.04,1032
2025-05-09 09:26:21,22.81,58.06,1033
2025-05-09 09:26:56,22.82,58.08,1035
2025-05-09 09:29:31,22.91,58.32,1134
2025-05-09 09:30:11,22.91,58.37,1154
2025-05-09 09:30:46,22.93,58.45,1165
2025-05-09 09:33:02,22.98,58.43,1187
2025-05-09 09:34:37,23.02,58.59,1207
2025-05-09 09:35:12,23.03,58.58,1220
2025-05-09 09:36:17,23.07,58.64,1220
2025-05-09 09:36:52,23.07,58.67,1224
2025-05-09 09:38:02,23.06,58.59,1229
2025-05-09 09:39:08,23.07,58.74,1245
2025-05-09 09:44:13,23.12,58.97,1262
2025-05-09 09:45:13,23.11,59.04,1252
2025-05-09 09:45:38,23.12,59.1,1251
2025-05-09 09:46:03,23.12,59.16,1259
2025-05-09 09:46:38,23.14,59.29,1297
2025-05-09 09:47:13,23.15,59.26,1333
2025-05-09 09:47:43,23.15,59.3,1340
2025-05-09 09:48:13,23.15,59.38,1360
2025-05-09 09:48:48,23.17,59.46,1369
2025-05-09 09:50:23,23.17,59.46,1373
2025-05-09 09:50:58,23.18,59.53,1354
2025-05-09 09:51:28,23.2,59.59,1353
2025-05-09 09:52:03,23.19,59.57,1348
2025-05-09 09:52:38,23.17,59.57,1344
2025-05-09 09:53:43,23.2,59.61,1341
2025-05-09 09:54:54,23.18,59.67,1341
2025-05-09 09:55:29,23.21,59.7,1343
2025-05-09 09:56:39,23.2,59.7,1350
2025-05-09 09:57:49,23.19,59.76,1367
2025-05-09 09:58:55,23.2,59.77,1375
2025-05-09 09:59:20,23.21,59.82,1377
2025-05-09 09:59:55,23.2,59.79,1389
2025-05-09 10:00:25,23.19,59.81,1395
2025-05-09 10:01:00,23.2,59.83,1393
2025-05-09 10:01:35,23.19,59.81,1393
2025-05-09 10:02:05,23.19,59.84,1394
2025-05-09 10:02:40,23.2,59.84,1406
2025-05-09 10:04:55,23.21,59.84,1422
2025-05-09 10:08:35,23.23,59.89,1442
2025-05-09 10:09:05,23.23,59.89,1445
2025-05-09 10:10:05,23.21,59.88,1453
2025-05-09 10:11:10,23.21,59.89,1460
2025-05-09 10:11:40,23.23,59.98,1464
2025-05-09 10:12:10,23.23,59.93,1466
2025-05-09 10:12:40,23.22,59.92,1468
2025-05-09 10:17:20,23.26,59.95,1521
2025-05-09 10:17:50,23.25,59.92,1523
2025-05-09 10:18:15,23.23,59.91,1524
2025-05-09 10:18:45,23.25,59.93,1527
2025-05-09 10:20:26,23.24,59.96,1525
2025-05-09 10:21:01,23.24,59.95,1526
2025-05-09 10:21:31,23.24,59.94,1527
2025-05-09 10:25:11,23.25,59.94,1554
2025-05-09 10:25:41,23.24,59.97,1557
2025-05-09 10:27:57,23.26,60.0,1576
2025-05-09 10:28:21,23.27,60.01,1587
2025-05-09 10:28:52,23.28,60.04,1593
2025-05-09 10:31:22,23.3,60.0,1589
2025-05-09 10:31:57,23.28,59.99,1590
2025-05-09 10:32:26,23.31,59.99,1586
2025-05-09 10:33:27,23.29,60.05,1589
2025-05-09 10:33:52,23.3,59.95,1591
2025-05-09 10:38:02,23.34,60.04,1614
2025-05-09 10:38:32,23.32,60.02,1619
2025-05-09 10:39:12,23.34,60.01,1618
2025-05-09 10:39:47,23.33,60.02,1618
2025-05-09 10:41:22,23.34,60.02,1627
2025-05-09 10:42:57,23.33,59.96,1635
2025-05-09 10:43:32,23.33,60.0,1633
2025-05-09 10:44:07,23.36,60.01,1636
2025-05-09 10:45:12,23.37,60.03,1640
2025-05-09 10:46:23,23.36,60.02,1651
2025-05-09 10:46:58,23.35,60.02,1656
2025-05-09 10:48:03,23.38,60.01,1660
2025-05-09 10:49:08,23.34,60.01,1662
2025-05-09 10:49:43,23.36,60.0,1666
2025-05-09 10:50:44,23.38,60.05,1688
2025-05-09 10:59:59,23.4,60.11,1708
2025-05-09 11:00:34,23.41,60.18,1705
2025-05-09 11:01:09,23.4,60.12,1708
2025-05-09 11:01:44,23.42,60.2,1717
2025-05-09 11:04:54,23.43,60.18,1725
2025-05-09 11:10:04,23.48,60.22,1748
2025-05-09 11:10:39,23.47,60.25,1747
2025-05-09 11:11:44,23.48,60.24,1743
2025-05-09 11:12:14,23.49,60.22,1743
2025-05-09 11:12:49,23.49,60.21,1745
2025-05-09 11:13:50,23.48,60.25,1751
2025-05-09 11:14:25,23.48,60.24,1753
2025-05-09 11:15:30,23.5,60.24,1754
2025-05-09 11:16:05,23.49,60.26,1755
2025-05-09 11:17:10,23.48,60.17,1737
2025-05-09 11:17:45,23.5,60.13,1700
2025-05-09 11:22:00,23.43,59.98,1441
2025-05-09 11:22:30,23.41,59.98,1440
2025-05-09 11:23:05,23.4,59.95,1446
2025-05-09 11:23:40,23.43,59.99,1449
2025-05-09 11:24:15,23.45,59.99,1449
2025-05-09 11:25:15,23.44,59.95,1423
2025-05-09 11:25:50,23.42,59.9,1414
2025-05-09 11:26:20,23.44,59.93,1407
2025-05-09 11:27:26,23.44,59.86,1377
2025-05-09 11:27:56,23.45,59.88,1366
2025-05-09 11:28:26,23.45,59.86,1353
2025-05-09 11:28:56,23.46,59.86,1344
2025-05-09 11:29:26,23.44,59.85,1324
2025-05-09 11:29:56,23.47,59.8,1309
2025-05-09 11:31:31,23.43,59.75,1278
2025-05-09 11:32:06,23.45,59.72,1274
2025-05-09 11:32:41,23.45,59.7,1267
2025-05-09 11:34:17,23.46,59.65,1247
2025-05-09 11:35:22,23.45,59.62,1228
2025-05-09 11:35:57,23.44,59.55,1226
2025-05-09 11:36:26,23.45,59.57,1220
2025-05-09 11:37:01,23.46,59.57,1212
2025-05-09 11:37:36,23.46,59.54,1210
2025-05-09 11:39:07,23.46,59.51,1188
2025-05-09 11:39:42,23.46,59.5,1185
2025-05-09 11:40:47,23.46,59.39,1181
2025-05-09 11:41:17,23.47,59.37,1180
2025-05-09 11:42:17,23.45,59.38,1181
2025-05-09 11:42:47,23.46,59.34,1188
2025-05-09 11:43:22,23.45,59.36,1192
2025-05-09 11:45:02,23.48,59.31,1192
2025-05-09 11:46:08,23.48,59.18,1180
2025-05-09 11:46:38,23.47,59.24,1176
2025-05-09 11:47:08,23.48,59.21,1173
2025-05-09 11:47:38,23.46,59.19,1168
2025-05-09 11:48:08,23.47,59.17,1167
2025-05-09 11:48:38,23.47,59.11,1167
2025-05-09 11:49:08,23.47,59.13,1161
2025-05-09 11:50:18,23.48,59.08,1158
2025-05-09 11:50:48,23.46,59.1,1160
2025-05-09 11:51:18,23.46,59.08,1161
2025-05-09 11:52:43,23.46,59.04,1173
2025-05-09 11:54:48,23.48,58.97,1149
2025-05-09 11:55:23,23.47,58.95,1143
2025-05-09 11:59:39,23.46,58.7,1090
2025-05-09 12:00:09,23.45,58.75,1082
2025-05-09 12:00:39,23.45,58.75,1076
2025-05-09 12:05:24,23.38,58.53,1001
2025-05-09 12:05:59,23.38,58.49,993
2025-05-09 12:07:04,23.35,58.47,982
2025-05-09 12:07:34,23.35,58.46,977
2025-05-09 12:10:05,23.31,58.32,953
2025-05-09 12:10:40,23.33,58.28,949
2025-05-09 12:12:20,23.28,58.25,929
2025-05-09 12:12:55,23.34,58.24,925
2025-05-09 12:13:30,23.3,58.24,921
2025-05-09 12:14:40,23.28,58.14,910
2025-05-09 12:15:15,23.29,58.16,906
2025-05-09 12:15:50,23.29,58.14,900
2025-05-09 12:17:00,23.24,58.04,898
2025-05-09 12:18:11,23.27,58.03,894
2025-05-09 12:18:46,23.27,58.04,892
2025-05-09 12:20:56,23.27,58.01,893
2025-05-09 12:23:11,23.25,57.92,896
2025-05-09 12:23:46,23.25,57.89,892
2025-05-09 12:24:21,23.24,57.87,888
2025-05-09 12:25:31,23.26,57.83,883
2025-05-09 12:26:37,23.21,57.82,873
2025-05-09 12:27:12,23.23,57.78,868
2025-05-09 12:28:07,23.21,57.76,862
2025-05-09 12:29:12,23.21,57.76,859
2025-05-09 12:30:17,23.21,57.74,855
2025-05-09 12:30:52,23.19,57.71,851
2025-05-09 12:31:27,23.2,57.72,852
2025-05-09 12:34:07,23.18,57.7,850
2025-05-09 12:34:42,23.18,57.67,849
2025-05-09 12:35:17,23.18,57.66,851
2025-05-09 12:36:23,23.18,57.63,850
2025-05-09 12:36:58,23.17,57.63,849
2025-05-09 12:37:58,23.17,57.67,847
2025-05-09 12:38:28,23.17,57.71,846
2025-05-09 12:38:58,23.18,57.65,847
2025-05-09 12:40:03,23.17,57.59,849
2025-05-09 12:41:03,23.15,57.63,847
2025-05-09 12:45:28,23.15,57.62,853
2025-05-09 12:46:28,23.17,57.62,850
2025-05-09 12:47:34,23.15,57.56,841
2025-05-09 12:48:04,23.14,57.54,839
2025-05-09 12:48:34,23.13,57.53,835
2025-05-09 12:49:09,23.11,57.56,834
2025-05-09 12:49:44,23.12,57.53,831
2025-05-09 12:50:14,23.1,57.57,829
2025-05-09 12:50:49,23.14,57.6,830
2025-05-09 12:52:29,23.12,57.65,836
2025-05-09 12:53:34,23.14,57.61,837
2025-05-09 12:57:29,23.17,57.61,836
2025-05-09 12:57:59,23.15,57.59,837
2025-05-09 13:01:04,23.18,57.55,841
2025-05-09 13:02:09,23.17,57.55,841
2025-05-09 13:02:44,23.15,57.53,840
2025-05-09 13:04:54,23.2,57.62,909
2025-05-09 13:05:29,23.21,57.67,968
2025-05-09 13:06:04,23.23,57.75,1015
2025-05-09 13:06:39,23.23,57.78,1028
2025-05-09 13:07:14,23.25,57.83,1030
2025-05-09 13:07:49,23.27,57.85,1022
2025-05-09 13:08:55,23.3,57.87,1007
2025-05-09 13:10:00,23.32,57.91,1004
2025-05-09 13:10:30,23.37,57.93,1004
2025-05-09 13:11:25,23.35,57.92,1013
2025-05-09 13:11:55,23.36,57.88,1017
2025-05-09 13:12:25,23.38,57.95,1026
2025-05-09 13:14:05,23.39,57.94,1029
2025-05-09 13:14:40,23.39,57.97,1025
2025-05-09 13:18:05,23.42,58.02,1065
2025-05-09 13:18:35,23.44,58.05,1072
2025-05-09 13:20:01,23.43,58.08,1090
2025-05-09 13:20:26,23.46,58.07,1090
2025-05-09 13:22:06,23.46,58.1,1096
2025-05-09 13:23:11,23.49,58.16,1101
2025-05-09 13:23:46,23.47,58.14,1106
2025-05-09 13:24:51,23.49,58.16,1124
2025-05-09 13:25:26,23.49,58.15,1128
2025-05-09 13:26:01,23.48,58.15,1132
2025-05-09 13:27:11,23.51,58.19,1160
2025-05-09 13:28:21,23.51,58.19,1168
2025-05-09 13:31:02,23.51,58.18,1173
2025-05-09 13:31:32,23.51,58.2,1174
2025-05-09 13:32:02,23.5,58.2,1181
2025-05-09 13:32:37,23.54,58.17,1182
2025-05-09 13:33:37,23.53,58.18,1200
2025-05-09 13:34:07,23.53,58.19,1220
2025-05-09 13:35:12,23.54,58.23,1229
2025-05-09 13:37:23,23.54,58.22,1251
2025-05-09 13:37:57,23.56,58.23,1247
2025-05-09 13:39:03,23.56,58.25,1255
2025-05-09 13:47:03,23.63,58.26,1420
2025-05-09 13:49:13,23.67,58.28,1401
2025-05-09 13:49:43,23.66,58.28,1401
2025-05-09 13:50:13,23.65,58.25,1395
2025-05-09 13:51:13,23.66,58.28,1398
2025-05-09 13:51:48,23.66,58.24,1408
2025-05-09 13:52:23,23.63,58.2,1414
2025-05-09 13:52:58,23.64,58.21,1421
2025-05-09 13:53:33,23.66,58.24,1427
2025-05-09 13:54:38,23.66,58.22,1425
2025-05-09 13:55:49,23.69,58.19,1422
2025-05-09 13:56:24,23.65,58.21,1420
2025-05-09 13:58:04,23.66,58.19,1425
2025-05-09 13:58:39,23.69,58.22,1434
2025-05-09 14:00:44,23.69,58.15,1416
2025-05-09 14:01:44,23.69,58.1,1403
2025-05-09 14:02:50,23.69,58.11,1394
2025-05-09 14:03:55,23.7,58.12,1387
2025-05-09 14:04:30,23.7,58.04,1386
2025-05-09 14:07:35,23.72,58.06,1420
2025-05-09 14:08:10,23.74,58.06,1430
2025-05-09 14:09:11,23.73,57.99,1438
2025-05-09 14:10:11,23.74,57.98,1449
2025-05-09 14:11:56,23.77,58.03,1455
2025-05-09 14:13:06,23.75,58.01,1468
2025-05-09 14:13:41,23.79,58.0,1469
2025-05-09 14:14:16,23.79,57.99,1476
2025-05-09 14:14:51,23.77,57.96,1477
2025-05-09 14:15:51,23.79,57.96,1480
2025-05-09 14:16:26,23.79,57.92,1482
2025-05-09 14:16:56,23.79,57.96,1487
2025-05-09 14:19:11,23.8,57.87,1506
2025-05-09 14:19:46,23.8,57.93,1510
2025-05-09 14:20:21,23.83,57.93,1510
2025-05-09 14:21:57,23.83,58.0,1532
2025-05-09 14:23:32,23.84,57.94,1548
2025-05-09 14:24:42,23.84,57.97,1563
2025-05-09 14:25:22,23.86,57.98,1575
2025-05-09 14:25:52,23.85,57.96,1574
2025-05-09 14:26:57,23.84,57.89,1538
2025-05-09 14:28:07,23.86,57.87,1496
2025-05-09 14:31:52,23.86,57.92,1556
2025-05-09 14:32:27,23.87,57.97,1547
2025-05-09 14:33:32,23.9,57.97,1538
2025-05-09 14:34:33,23.88,58.0,1527
2025-05-09 14:34:58,23.88,57.97,1528
2025-05-09 14:36:03,23.89,57.99,1513
2025-05-09 14:37:38,23.89,57.95,1519
2025-05-09 14:38:08,23.88,57.94,1521
2025-05-09 14:39:13,23.89,57.94,1528
2025-05-09 14:39:43,23.88,57.96,1534
2025-05-09 14:40:13,23.87,57.98,1537
2025-05-09 14:40:48,23.9,57.96,1541
2025-05-09 14:41:18,23.89,57.94,1539
2025-05-09 14:43:28,23.9,57.96,1558
2025-05-09 14:44:03,23.89,57.98,1577
2025-05-09 14:47:14,23.91,58.01,1598
2025-05-09 14:48:19,23.91,58.06,1599
2025-05-09 14:49:24,23.93,58.06,1607
2025-05-09 14:49:59,23.94,58.14,1609
2025-05-09 14:51:09,23.96,58.19,1618
2025-05-09 14:52:14,23.93,58.23,1640
2025-05-09 14:52:54,23.97,58.28,1656
2025-05-09 14:53:29,23.95,58.31,1658
2025-05-09 14:54:04,23.96,58.29,1659
2025-05-09 14:56:15,24.0,58.38,1673
2025-05-09 14:56:50,24.01,58.41,1677
2025-05-09 14:57:25,23.98,58.49,1679
2025-05-09 14:58:30,24.03,58.48,1676
2025-05-09 14:59:05,24.02,58.54,1678
2025-05-09 15:00:10,24.03,58.58,1685
2025-05-09 15:00:45,24.04,58.61,1691
2025-05-09 15:01:20,24.02,58.63,1702
2025-05-09 15:03:00,24.0,58.49,1593
2025-05-09 15:04:11,23.97,58.35,1421
2025-05-09 15:04:41,23.97,58.3,1375
2025-05-09 15:05:16,23.94,58.27,1335
2025-05-09 15:05:51,23.92,58.27,1313
2025-05-09 15:06:26,23.92,58.24,1291
2025-05-09 15:07:01,23.89,58.21,1269
2025-05-09 15:08:41,23.86,58.09,1232
2025-05-09 15:09:21,23.87,58.08,1225
2025-05-09 15:09:51,23.86,58.04,1211
2025-05-09 15:11:31,23.84,57.97,1195
2025-05-09 15:12:06,23.85,57.98,1192
2025-05-09 15:12:41,23.83,57.93,1189
2025-05-09 15:13:21,23.83,57.89,1181
2025-05-09 15:14:27,23.81,57.91,1178
2025-05-09 15:17:02,23.82,57.73,1174
2025-05-09 15:17:37,23.81,57.68,1177
2025-05-09 15:18:47,23.8,57.63,1178
2025-05-09 15:19:22,23.79,57.64,1176
2025-05-09 15:20:32,23.8,57.54,1155
2025-05-09 15:21:07,23.79,57.56,1154
2025-05-09 15:22:47,23.79,57.47,1153
2025-05-09 15:25:12,23.78,57.35,1111
2025-05-09 15:26:47,23.77,57.31,1102
2025-05-09 15:27:22,23.77,57.29,1104
2025-05-09 15:28:58,23.76,57.28,1102
2025-05-09 15:29:53,23.75,57.2,1100
2025-05-09 15:32:33,23.78,57.13,1095
2025-05-09 15:33:03,23.74,57.12,1102
2025-05-09 15:34:08,23.77,57.15,1159
2025-05-09 15:34:43,23.78,57.2,1168
2025-05-09 15:35:18,23.77,57.13,1177
2025-05-09 15:36:23,23.79,57.26,1183
2025-05-09 15:37:18,23.8,57.19,1181
2025-05-09 15:37:54,23.82,57.23,1182
2025-05-09 15:39:29,23.82,57.18,1196
2025-05-09 15:41:39,23.8,57.16,1177
2025-05-09 15:42:44,23.82,57.23,1200
2025-05-09 15:43:19,23.83,57.33,1211
2025-05-09 15:44:29,23.84,57.32,1221
2025-05-09 15:45:34,23.88,57.34,1225
2025-05-09 15:46:09,23.87,57.32,1227
2025-05-09 15:46:44,23.87,57.31,1233
2025-05-09 15:47:49,23.89,57.3,1232
2025-05-09 15:49:00,23.87,57.25,1226
2025-05-09 15:49:30,23.88,57.21,1225
2025-05-09 15:50:05,23.88,57.26,1231
2025-05-09 15:51:10,23.88,57.29,1246
2025-05-09 15:52:15,23.87,57.23,1257
2025-05-09 15:52:45,23.86,57.3,1260
2025-05-09 15:53:20,23.86,57.25,1267
2025-05-09 15:53:55,23.83,57.27,1284
2025-05-09 15:55:05,23.86,57.32,1292
2025-05-09 15:55:40,23.86,57.29,1293
2025-05-09 15:56:15,23.84,57.31,1296
2025-05-09 15:57:25,23.87,57.31,1308
2025-05-09 15:58:36,23.87,57.34,1318
2025-05-09 15:59:36,23.87,57.37,1325
2025-05-09 16:00:11,23.86,57.35,1330
2025-05-09 16:01:16,23.87,57.38,1328
2025-05-09 16:01:51,23.86,57.35,1326
2025-05-09 16:02:26,23.87,57.37,1322
2025-05-09 16:03:01,23.86,57.42,1324
2025-05-09 16:03:36,23.87,57.46,1323
2025-05-09 16:04:36,23.89,57.43,1331
2025-05-09 16:05:42,23.86,57.48,1341
2025-05-09 16:07:37,23.89,57.48,1357
2025-05-09 16:11:07,23.91,57.61,1403
2025-05-09 16:11:42,23.89,57.58,1404
2025-05-09 16:12:17,23.91,57.58,1403
2025-05-09 16:22:07,23.92,57.87,1465
2025-05-09 16:23:17,23.92,57.86,1481
2025-05-09 16:23:52,23.9,57.87,1487
2025-05-09 16:26:08,23.93,57.93,1500
2025-05-09 16:26:43,23.92,57.94,1500
2025-05-09 16:27:53,23.92,57.92,1504
2025-05-09 16:28:28,23.95,58.01,1510
2025-05-09 16:30:08,23.94,58.11,1522
2025-05-09 16:30:48,23.94,58.08,1528
2025-05-09 16:32:59,23.94,58.12,1495
2025-05-09 16:33:34,23.94,58.17,1497
2025-05-09 16:34:39,23.96,58.24,1478
2025-05-09 16:35:14,23.96,58.24,1467
2025-05-09 16:35:44,23.95,58.24,1447
2025-05-09 16:36:14,23.97,58.19,1439
2025-05-09 16:36:49,23.96,58.19,1438
2025-05-09 16:37:24,23.97,58.2,1438
2025-05-09 16:38:24,23.95,58.23,1445
2025-05-09 16:38:54,23.95,58.18,1448
2025-05-09 16:39:24,23.95,58.23,1449
2025-05-09 16:40:34,23.95,58.24,1454
2025-05-09 16:41:04,23.93,58.28,1462
2025-05-09 16:42:45,23.93,58.31,1474
2025-05-09 16:43:20,23.94,58.27,1478
2025-05-09 16:44:30,23.94,58.35,1485
2025-05-09 16:45:05,23.94,58.34,1491
2025-05-09 16:45:40,23.96,58.43,1501
2025-05-09 16:46:15,23.93,58.4,1515
2025-05-09 16:47:56,23.96,58.45,1520
2025-05-09 16:48:26,23.93,58.45,1525
2025-05-09 16:49:26,23.95,58.48,1526
2025-05-09 16:51:06,23.94,58.48,1537
2025-05-09 16:51:36,23.95,58.49,1533
2025-05-09 16:52:36,23.93,58.58,1530
2025-05-09 16:53:01,23.94,58.58,1533
2025-05-09 16:53:26,23.94,58.58,1539
2025-05-09 16:54:31,23.94,58.56,1546
2025-05-09 16:55:01,23.96,58.55,1546
2025-05-09 16:58:12,23.93,58.65,1570
2025-05-09 17:02:02,23.93,58.71,1590
2025-05-09 17:02:32,23.95,58.74,1602
2025-05-09 17:05:37,23.91,58.75,1609
2025-05-09 17:06:12,23.92,58.77,1611
2025-05-09 17:06:47,23.91,58.73,1620
2025-05-09 17:07:17,23.91,58.75,1632
2025-05-09 17:07:52,23.9,58.78,1642
2025-05-09 17:08:22,23.91,58.78,1654
2025-05-09 17:10:33,23.93,58.81,1656
2025-05-09 17:11:03,23.91,58.83,1656
2025-05-09 17:11:38,23.91,58.84,1654
2025-05-09 17:14:53,23.89,58.83,1615
2025-05-09 17:15:28,23.88,58.83,1615
2025-05-09 17:16:03,23.86,58.79,1615
2025-05-09 17:22:33,23.86,58.79,1605
2025-05-09 17:23:03,23.86,58.82,1605
2025-05-09 17:23:38,23.86,58.86,1605
2025-05-09 17:24:13,23.85,58.81,1608
2025-05-09 17:24:48,23.85,58.85,1609
2025-05-09 17:25:54,23.87,58.86,1614
2025-05-09 17:28:34,23.84,58.78,1616
2025-05-09 17:29:09,23.84,58.84,1614
2025-05-09 17:30:09,23.84,58.78,1613
2025-05-09 17:33:54,23.82,58.81,1618
2025-05-09 17:34:59,23.81,58.82,1628
2025-05-09 17:35:39,23.84,58.81,1634
2025-05-09 17:38:20,23.84,58.82,1660
2025-05-09 17:38:55,23.82,58.86,1664
2025-05-09 17:39:30,23.81,58.85,1670
2025-05-09 17:40:35,23.84,58.91,1682
2025-05-09 17:41:45,23.85,58.92,1690
2025-05-09 17:47:50,23.83,58.96,1658
2025-05-09 17:48:55,23.84,58.92,1658
2025-05-09 17:49:30,23.84,58.99,1664
2025-05-09 17:50:05,23.83,58.98,1666
2025-05-09 17:51:11,23.84,59.0,1671
2025-05-09 17:51:46,23.83,59.01,1672
2025-05-09 17:52:51,23.85,59.03,1677
2025-05-09 17:53:26,23.84,58.98,1680
2025-05-09 17:54:01,23.84,59.01,1679
2025-05-09 17:54:36,23.82,58.98,1677
2025-05-09 17:55:46,23.86,59.02,1677
2025-05-09 17:56:56,23.84,59.03,1692
2025-05-09 17:58:07,23.82,58.98,1683
2025-05-09 17:58:42,23.82,58.98,1649
2025-05-09 17:59:17,23.81,58.92,1613
2025-05-09 17:59:52,23.81,58.92,1593
2025-05-09 18:00:27,23.8,58.89,1585
2025-05-09 18:01:37,23.78,58.84,1570
2025-05-09 18:02:07,23.75,58.89,1565
2025-05-09 18:02:37,23.75,58.82,1564
2025-05-09 18:03:42,23.71,58.79,1550
2025-05-09 18:04:48,23.71,58.74,1516
2025-05-09 18:05:38,23.69,58.71,1473
2025-05-09 18:06:18,23.67,58.69,1443
2025-05-09 18:06:48,23.67,58.63,1422
2025-05-09 18:07:23,23.66,58.65,1388
2025-05-09 18:15:13,23.53,58.3,1116
2025-05-09 18:15:48,23.52,58.27,1098
2025-05-09 18:18:38,23.48,58.16,1058
2025-05-09 18:19:13,23.48,58.12,1046
2025-05-09 18:19:43,23.45,58.09,1036
2025-05-09 18:20:13,23.45,58.09,1031
2025-05-09 18:20:43,23.46,58.06,1022
2025-05-09 18:21:13,23.45,58.04,1017
2025-05-09 18:30:14,23.39,57.83,934
2025-05-09 18:30:49,23.39,57.79,934
2025-05-09 18:31:54,23.38,57.76,929
2025-05-09 18:33:04,23.35,57.73,924
2025-05-09 18:34:09,23.35,57.75,918
2025-05-09 18:34:44,23.35,57.74,916
2025-05-09 18:35:49,23.35,57.68,918
2025-05-09 18:36:19,23.33,57.68,919
2025-05-09 18:37:25,23.34,57.68,916
2025-05-09 18:38:00,23.32,57.69,914
2025-05-09 18:38:35,23.32,57.63,910
2025-05-09 18:41:25,23.31,57.67,902
2025-05-09 18:44:45,23.31,57.64,924
2025-05-09 18:45:20,23.3,57.63,937
2025-05-09 18:45:50,23.29,57.64,937
2025-05-09 18:46:20,23.29,57.65,938
2025-05-09 18:47:20,23.3,57.62,936
2025-05-09 18:50:40,23.31,57.62,921
2025-05-09 18:51:10,23.27,57.63,919
2025-05-09 18:51:45,23.29,57.64,916
2025-05-09 18:52:15,23.28,57.59,909
2025-05-09 18:52:45,23.29,57.62,907
2025-05-09 18:55:01,23.27,57.6,903
2025-05-09 18:55:36,23.26,57.63,901
2025-05-09 18:56:41,23.26,57.6,901
2025-05-09 18:57:11,23.24,57.59,901
2025-05-09 18:57:46,23.24,57.66,902
2025-05-09 18:59:26,23.23,57.66,897
2025-05-09 19:00:01,23.25,57.62,897
2025-05-09 19:00:31,23.24,57.65,897
2025-05-09 19:01:06,23.23,57.6,895
2025-05-09 19:01:41,23.24,57.62,896
2025-05-09 19:02:11,23.22,57.61,896
2025-05-09 19:02:41,23.23,57.63,897
2025-05-09 19:03:11,23.22,57.63,894
2025-05-09 19:04:17,23.19,57.65,891
2025-05-09 19:04:47,23.24,57.64,891
2025-05-09 19:05:52,23.22,57.68,885
2025-05-09 19:06:22,23.24,57.64,886
2025-05-09 19:06:57,23.19,57.64,885
2025-05-09 19:10:27,23.2,57.71,877
2025-05-09 19:12:47,23.21,57.74,872
2025-05-09 19:13:22,23.18,57.75,871
2025-05-09 19:14:22,23.19,57.75,869
2025-05-09 19:15:28,23.2,57.81,866
2025-05-09 19:15:58,23.18,57.8,866
2025-05-09 19:16:28,23.18,57.8,868
2025-05-09 19:16:58,23.18,57.82,867
2025-05-09 19:17:33,23.16,57.8,869
2025-05-09 19:18:03,23.17,57.8,869
2025-05-09 19:18:33,23.17,57.77,868
2025-05-09 19:19:03,23.16,57.83,867
2025-05-09 19:19:33,23.18,57.81,865
2025-05-09 19:20:38,23.18,57.9,866
2025-05-09 19:21:13,23.16,57.86,868
2025-05-09 19:26:33,23.16,57.91,882
2025-05-09 19:27:08,23.16,57.92,883
2025-05-09 19:27:43,23.16,57.94,882
2025-05-09 19:28:18,23.14,57.97,881
2025-05-09 19:30:59,23.15,58.0,877
2025-05-09 19:31:34,23.14,58.01,876
2025-05-09 19:32:34,23.16,58.05,874
2025-05-09 19:33:04,23.14,58.02,872
2025-05-09 19:34:09,23.14,58.04,873
2025-05-09 19:34:39,23.14,58.04,874
2025-05-09 19:35:09,23.12,58.05,876
2025-05-09 19:35:39,23.14,58.08,874
2025-05-09 19:36:09,23.15,58.09,873
2025-05-09 19:39:19,23.12,58.15,871
2025-05-09 19:39:49,23.15,58.13,867
2025-05-09 19:40:24,23.12,58.13,868
2025-05-09 19:40:59,23.12,58.17,869
2025-05-09 19:41:34,23.11,58.14,869
2025-05-09 19:42:09,23.13,58.2,867
2025-05-09 19:43:15,23.12,58.16,868
2025-05-09 19:43:45,23.1,58.14,868
2025-05-09 19:44:15,23.12,58.17,867
2025-05-09 19:45:55,23.12,58.3,870
2025-05-09 19:46:25,23.14,58.38,894
2025-05-09 19:46:55,23.15,58.46,918
2025-05-09 19:47:50,23.15,58.63,954
2025-05-09 19:49:55,23.23,58.91,1013
2025-05-09 19:52:10,23.29,59.29,1037
2025-05-09 19:52:40,23.31,59.37,1040
2025-05-09 19:53:10,23.3,59.39,1048
2025-05-09 19:57:31,23.36,59.67,1084
2025-05-09 19:58:01,23.37,59.72,1085
2025-05-09 20:00:11,23.35,59.86,1109
2025-05-09 20:00:46,23.38,59.93,1110
2025-05-09 20:01:51,23.38,59.95,1111
2025-05-09 20:02:26,23.35,60.0,1109
2025-05-09 20:02:56,23.37,60.01,1111
2025-05-09 20:03:26,23.35,60.01,1108
2025-05-09 20:04:31,23.37,60.11,1107
2025-05-09 20:05:01,23.36,60.12,1111
2025-05-09 20:05:31,23.37,60.15,1115
2025-05-09 20:06:01,23.35,60.18,1116
2025-05-09 20:07:12,23.35,60.18,1122
2025-05-09 20:07:47,23.38,60.21,1121
2025-05-09 20:16:22,23.35,60.4,1121
2025-05-09 20:16:57,23.34,60.4,1113
2025-05-09 20:18:03,23.33,60.37,1095
2025-05-09 20:18:33,23.31,60.38,1089
2025-05-09 20:19:03,23.3,60.39,1081
2025-05-09 20:24:43,23.28,60.35,998
2025-05-09 20:25:13,23.24,60.36,997
2025-05-09 20:29:28,23.22,60.36,984
2025-05-09 20:30:03,23.21,60.31,981
2025-05-09 20:31:09,23.2,60.31,972
2025-05-09 20:31:39,23.2,60.3,972
2025-05-09 20:32:09,23.21,60.32,970
2025-05-09 20:36:24,23.16,60.28,964
2025-05-09 20:36:54,23.16,60.29,963
2025-05-09 20:38:59,23.17,60.26,953
2025-05-09 20:39:29,23.19,60.28,951
2025-05-09 20:39:59,23.16,60.31,945
2025-05-09 20:40:29,23.16,60.34,940
2025-05-09 20:40:59,23.17,60.27,941
2025-05-09 20:45:00,23.14,60.23,922
2025-05-09 20:45:35,23.13,60.23,919
2025-05-09 20:46:30,23.12,60.24,903
2025-05-09 20:47:00,23.13,60.23,899
2025-05-09 20:48:05,23.13,60.24,892
2025-05-09 20:48:35,23.12,60.23,891
2025-05-09 20:49:05,23.11,60.25,890
2025-05-09 20:52:50,23.11,60.23,865
2025-05-09 20:53:20,23.12,60.2,863
2025-05-09 20:53:55,23.1,60.19,862
2025-05-09 20:54:30,23.11,60.2,861
2025-05-09 20:55:05,23.11,60.21,858
2025-05-09 20:55:35,23.08,60.21,853
2025-05-09 20:56:05,23.08,60.19,852
2025-05-09 20:59:16,23.1,60.2,838
2025-05-09 21:01:26,23.07,60.14,832
2025-05-09 21:02:36,23.05,60.15,827
2025-05-09 21:07:46,23.04,60.12,812
2025-05-09 21:08:16,23.03,60.16,810
2025-05-09 21:09:17,23.05,60.14,807
2025-05-09 21:09:52,23.04,60.13,803
2025-05-09 21:10:52,23.04,60.11,800
2025-05-09 21:12:27,23.04,60.14,795
2025-05-09 21:13:02,23.03,60.14,793
2025-05-09 21:14:07,23.02,60.16,788
2025-05-09 21:14:37,23.02,60.13,786
2025-05-09 21:15:07,23.02,60.13,785
2025-05-09 21:15:37,23.03,60.14,784
2025-05-09 21:16:07,23.03,60.15,784
2025-05-09 21:16:42,23.01,60.17,782
2025-05-09 21:18:07,23.03,60.17,775
2025-05-09 21:18:37,22.99,60.14,772
2025-05-09 21:19:07,23.02,60.11,770
2025-05-09 21:19:37,23.01,60.15,772
2025-05-09 21:20:43,22.99,60.1,764
2025-05-09 21:21:13,23.0,60.15,761
2025-05-09 21:21:43,23.01,60.12,762
2025-05-09 21:23:13,23.0,60.1,760
2025-05-09 21:26:33,22.98,60.1,745
2025-05-09 21:27:08,22.97,60.12,743
2025-05-09 21:32:03,22.97,60.15,726
2025-05-09 21:32:38,22.96,60.17,728
2025-05-09 21:33:08,22.97,60.19,726
2025-05-09 21:33:38,22.97,60.2,723
2025-05-09 21:37:34,22.96,60.21,707
2025-05-09 21:39:09,22.98,60.19,706
2025-05-09 21:39:39,22.98,60.16,706
2025-05-09 21:40:44,22.96,60.16,706
2025-05-09 21:41:24,22.96,60.17,706
2025-05-09 21:41:54,22.96,60.2,707
2025-05-09 21:42:29,22.95,60.21,705
2025-05-09 21:43:39,22.95,60.22,701
2025-05-09 21:44:09,22.96,60.22,699
2025-05-09 21:45:20,22.95,60.22,693
2025-05-09 21:45:55,22.94,60.2,693
2025-05-09 21:46:30,22.95,60.2,692
2025-05-09 21:47:05,22.95,60.26,692
2025-05-09 21:48:10,22.94,60.25,689
2025-05-09 21:49:20,22.93,60.22,687
2025-05-09 21:52:50,22.95,60.27,682
2025-05-09 21:53:51,22.96,60.25,680
2025-05-09 21:54:16,22.92,60.25,680
2025-05-09 21:54:41,22.93,60.27,680
2025-05-09 21:55:11,22.93,60.27,679
2025-05-09 21:56:16,22.92,60.29,676
2025-05-09 21:56:46,22.92,60.29,675
2025-05-09 21:57:21,22.93,60.27,674
2025-05-09 21:57:51,22.93,60.28,674
2025-05-09 21:58:21,22.93,60.26,673
2025-05-09 21:58:51,22.92,60.28,673
2025-05-09 21:59:21,22.94,60.24,670
2025-05-09 21:59:56,22.93,60.27,669
2025-05-09 22:00:26,22.91,60.25,668
2025-05-09 22:01:01,22.91,60.26,668
2025-05-09 22:01:26,22.91,60.31,666
2025-05-09 22:01:56,22.93,60.28,664
2025-05-09 22:02:31,22.91,60.27,660
2025-05-09 22:03:01,22.91,60.26,657
2025-05-09 22:03:26,22.92,60.27,654
2025-05-09 22:03:51,22.9,60.26,650
2025-05-09 22:04:46,22.92,60.25,648
2025-05-09 22:05:16,22.91,60.25,647
2025-05-09 22:05:51,22.89,60.27,648
2025-05-09 22:06:16,22.91,60.25,649
2025-05-09 22:06:46,22.88,60.27,649
2025-05-09 22:07:21,22.89,60.26,652
2025-05-09 22:07:56,22.89,60.26,652
2025-05-09 22:10:56,22.89,60.22,651
2025-05-09 22:11:26,22.88,60.24,651
2025-05-09 22:12:31,22.89,60.24,650
2025-05-09 22:18:17,22.86,60.19,638
2025-05-09 22:18:47,22.87,60.2,638
2025-05-09 22:19:17,22.86,60.19,636
2025-05-09 22:21:27,22.86,60.17,632
2025-05-09 22:22:27,22.86,60.13,631
2025-05-09 22:22:52,22.86,60.15,630
2025-05-09 22:23:22,22.86,60.17,629
2025-05-09 22:23:57,22.86,60.12,629
2025-05-09 22:26:22,22.86,60.1,622
2025-05-09 22:27:23,22.82,60.09,620
2025-05-09 22:27:48,22.84,60.1,619
2025-05-09 22:28:18,22.84,60.07,620
2025-05-09 22:28:43,22.8,60.07,619
2025-05-09 22:29:08,22.82,60.08,620
2025-05-09 22:29:33,22.83,60.0,621
2025-05-09 22:30:03,22.82,60.11,622
2025-05-09 22:30:38,22.81,60.07,626
2025-05-09 22:31:38,22.84,60.12,699
2025-05-09 22:32:13,22.85,60.2,721
2025-05-09 22:33:18,22.86,60.25,755
2025-05-09 22:34:18,22.88,60.32,781
2025-05-09 22:34:48,22.88,60.33,796
2025-05-09 22:35:13,22.86,60.36,810
2025-05-09 22:35:43,22.9,60.33,827
2025-05-09 22:36:13,22.89,60.39,848
2025-05-09 22:36:43,22.9,60.42,861
2025-05-09 22:37:48,22.93,60.48,873
2025-05-09 22:48:34,23.0,60.74,958
2025-05-09 22:50:04,22.99,60.76,966
2025-05-09 22:50:34,22.98,60.76,966
2025-05-09 22:51:14,23.0,60.74,967
2025-05-09 22:57:44,23.0,60.81,937
2025-05-09 22:58:09,23.0,60.85,919
2025-05-09 22:59:35,22.98,60.81,885
2025-05-09 23:02:05,23.0,60.8,878
2025-05-09 23:02:35,23.0,60.85,882
2025-05-09 23:03:00,22.99,60.83,883
2025-05-09 23:03:40,22.99,60.86,889
2025-05-09 23:04:15,22.99,60.85,894
2025-05-09 23:05:15,22.99,60.84,899
2025-05-09 23:05:45,22.99,60.82,903
2025-05-09 23:06:15,23.0,60.83,906
2025-05-09 23:06:45,23.0,60.87,908
2025-05-09 23:07:20,23.0,60.81,913
2025-05-09 23:08:25,22.99,60.79,921
2025-05-09 23:08:55,22.99,60.84,927
2025-05-09 23:09:25,23.0,60.87,933
2025-05-09 23:10:30,22.98,60.84,935
2025-05-09 23:11:00,23.01,60.85,937
2025-05-09 23:14:01,23.01,60.84,944
2025-05-09 23:15:06,22.98,60.8,938
2025-05-09 23:15:36,22.99,60.8,939
2025-05-09 23:16:06,22.99,60.82,938
2025-05-09 23:16:36,23.0,60.8,939
2025-05-09 23:17:06,22.99,60.74,941
2025-05-09 23:17:36,22.99,60.75,944
2025-05-09 23:18:11,22.98,60.76,946
2025-05-09 23:18:41,22.95,60.7,948
2025-05-09 23:19:16,22.95,60.71,947
2025-05-09 23:22:31,22.91,60.62,911
2025-05-09 23:23:01,22.92,60.63,906
2025-05-09 23:23:31,22.89,60.64,902
2025-05-09 23:24:01,22.91,60.62,896
2025-05-09 23:24:36,22.92,60.66,891
2025-05-09 23:25:36,22.9,60.64,890
2025-05-09 23:26:06,22.89,60.62,890
2025-05-09 23:26:36,22.88,60.68,888
2025-05-09 23:27:06,22.88,60.64,889
2025-05-09 23:27:36,22.88,60.66,891
2025-05-09 23:28:06,22.91,60.67,893
2025-05-09 23:29:11,22.9,60.67,919
2025-05-09 23:32:22,22.91,60.69,964
2025-05-09 23:34:02,22.93,60.68,972
2025-05-09 23:34:32,22.92,60.67,972
2025-05-09 23:35:02,22.92,60.67,972
2025-05-09 23:37:07,22.94,60.68,973
2025-05-09 23:37:42,22.95,60.68,972
2025-05-09 23:42:42,22.96,60.69,1034
2025-05-09 23:43:12,22.95,60.68,1040
2025-05-09 23:43:47,22.95,60.63,1040
2025-05-09 23:44:53,22.94,60.62,1033
2025-05-09 23:45:23,22.93,60.61,1031
2025-05-09 23:46:58,22.93,60.59,1017
2025-05-09 23:47:33,22.94,60.59,1016
2025-05-09 23:48:03,22.94,60.6,1014
2025-05-09 23:48:33,22.93,60.63,1011
2025-05-09 23:52:39,23.03,61.16,1054
2025-05-09 23:53:14,23.03,61.24,1063
2025-05-09 23:53:49,23.03,61.18,1062
2025-05-09 23:54:54,23.08,61.38,1064
2025-05-09 23:55:54,23.07,61.44,1064
2025-05-09 23:57:04,23.06,61.43,1061
2025-05-09 23:57:34,23.08,61.45,1061
2025-05-09 23:58:04,23.07,61.46,1061
2025-05-09 23:58:34,23.06,61.53,1063
2025-05-10 00:02:45,23.06,61.65,1078
2025-05-10 00:03:20,23.03,61.7,1077
2025-05-10 00:03:55,23.04,61.7,1076
2025-05-10 00:05:35,23.04,61.76,1068
2025-05-10 00:06:15,23.03,61.74,1065
2025-05-10 00:06:50,23.02,61.75,1063
2025-05-10 00:07:55,23.02,61.72,1064
2025-05-10 00:09:00,23.01,61.72,1065
2025-05-10 00:12:46,22.98,61.77,1069
2025-05-10 00:13:21,22.98,61.8,1070
2025-05-10 00:14:31,22.95,61.74,1078
2025-05-10 00:15:06,22.96,61.77,1079
2025-05-10 00:15:41,22.97,61.76,1080
2025-05-10 00:16:16,22.96,61.82,1083
2025-05-10 00:16:51,22.95,61.82,1086
2025-05-10 00:18:01,22.95,61.83,1093
2025-05-10 00:18:36,22.96,61.83,1094
2025-05-10 00:19:11,22.96,61.84,1097
2025-05-10 00:19:46,22.96,61.86,1104
2025-05-10 00:20:56,22.97,61.92,1111
2025-05-10 00:22:07,22.96,62.04,1130
2025-05-10 00:22:42,22.99,62.17,1141
2025-05-10 00:23:52,23.02,62.32,1150
2025-05-10 00:24:27,23.04,62.45,1152
2025-05-10 00:26:07,23.08,62.65,1149
2025-05-10 00:26:42,23.11,62.72,1148
2025-05-10 00:28:22,23.1,62.7,1141
2025-05-10 00:28:52,23.1,62.8,1139
2025-05-10 00:29:22,23.1,62.79,1137
2025-05-10 00:29:52,23.09,62.79,1132
2025-05-10 00:30:22,23.1,62.82,1130
2025-05-10 00:31:28,23.1,62.86,1123
2025-05-10 00:32:03,23.08,62.87,1118
2025-05-10 00:32:38,23.07,62.9,1110
2025-05-10 00:33:13,23.06,62.89,1103
2025-05-10 00:33:48,23.07,62.91,1093
2025-05-10 00:34:53,23.02,62.89,1084
2025-05-10 00:35:58,23.02,62.88,1079
2025-05-10 00:40:19,22.97,62.97,1083
2025-05-10 00:41:24,22.96,62.95,1095
2025-05-10 00:41:54,22.95,62.98,1101
2025-05-10 00:42:29,22.94,62.98,1102
2025-05-10 00:45:49,22.92,62.92,1089
2025-05-10 00:46:24,22.94,62.91,1084
2025-05-10 00:46:59,22.91,62.91,1076
2025-05-10 00:47:34,22.91,62.93,1075
2025-05-10 00:48:09,22.9,62.87,1072
2025-05-10 00:48:39,22.91,62.9,1069
2025-05-10 00:52:20,22.85,62.81,947
2025-05-10 00:52:50,22.86,62.79,943
2025-05-10 00:53:20,22.84,62.8,944
2025-05-10 00:55:45,22.83,62.74,966
2025-05-10 00:56:55,22.83,62.75,965
2025-05-10 00:58:00,22.82,62.68,956
2025-05-10 00:58:30,22.82,62.62,954
2025-05-10 00:59:00,22.81,62.62,953
2025-05-10 00:59:35,22.8,62.64,953
2025-05-10 01:00:10,22.79,62.6,955
2025-05-10 01:00:40,22.8,62.58,954
2025-05-10 01:01:10,22.78,62.55,950
2025-05-10 01:01:45,22.79,62.56,931
2025-05-10 01:02:50,22.78,62.53,929
2025-05-10 01:04:30,22.75,62.41,926
2025-05-10 01:05:10,22.73,62.39,916
2025-05-10 01:10:01,22.72,62.35,920
2025-05-10 01:10:36,22.72,62.38,925
2025-05-10 01:11:41,22.72,62.31,937
2025-05-10 01:12:16,22.72,62.32,939
2025-05-10 01:12:51,22.72,62.31,944
2025-05-10 01:13:56,22.73,62.37,950
2025-05-10 01:14:26,22.72,62.36,953
2025-05-10 01:14:56,22.72,62.35,960
2025-05-10 01:15:26,22.73,62.39,963
2025-05-10 01:15:51,22.73,62.41,966
2025-05-10 01:16:56,22.77,62.44,964
2025-05-10 01:18:32,22.74,62.37,963
2025-05-10 01:21:52,22.75,62.36,956
2025-05-10 01:23:57,22.77,62.39,991
2025-05-10 01:24:27,22.73,62.35,997
2025-05-10 01:25:02,22.75,62.38,998
2025-05-10 01:25:37,22.74,62.33,1000
2025-05-10 01:26:12,22.73,62.33,1002
2025-05-10 01:26:47,22.74,62.33,1001
2025-05-10 01:27:22,22.73,62.3,997
2025-05-10 01:27:57,22.73,62.34,988
2025-05-10 01:32:07,22.72,62.3,936
2025-05-10 01:33:47,22.72,62.31,951
2025-05-10 01:34:17,22.73,62.27,956
2025-05-10 01:34:47,22.72,62.34,956
2025-05-10 01:35:17,22.72,62.31,955
2025-05-10 01:35:47,22.72,62.34,955
2025-05-10 01:36:17,22.72,62.29,955
2025-05-10 01:36:47,22.73,62.33,954
2025-05-10 01:37:17,22.72,62.3,952
2025-05-10 01:38:22,22.71,62.32,949
2025-05-10 01:40:03,22.72,62.41,956
2025-05-10 01:41:08,22.73,62.43,965
2025-05-10 01:42:13,22.73,62.47,971
2025-05-10 01:42:43,22.76,62.45,972
2025-05-10 01:46:14,22.76,62.62,984
2025-05-10 01:47:14,22.76,62.64,985
2025-05-10 01:47:44,22.77,62.63,988
2025-05-10 01:48:19,22.77,62.65,991
2025-05-10 01:54:24,21.16,65.96,0
2025-05-10 01:54:54,21.05,66.24,0
2025-05-10 01:55:29,20.94,66.6,0
2025-05-10 01:56:04,20.87,66.87,0
2025-05-10 01:57:14,20.77,67.37,0
2025-05-10 01:57:49,20.72,67.54,0
2025-05-10 01:58:24,20.69,67.69,0
2025-05-10 01:58:59,20.66,67.8,0
2025-05-10 02:00:10,20.61,68.06,0
2025-05-10 02:04:30,20.52,68.66,0
2025-05-10 02:05:05,20.5,68.73,0
2025-05-10 02:06:10,20.49,68.79,0
2025-05-10 02:06:40,20.49,68.9,0
2025-05-10 02:07:10,20.49,69.02,0
2025-05-10 02:07:45,20.5,69.15,0
2025-05-10 02:08:55,20.51,69.44,0
2025-05-10 02:12:46,20.61,70.12,0
2025-05-10 02:13:16,20.61,70.22,0
2025-05-10 02:13:51,20.63,70.25,0
2025-05-10 02:15:31,20.63,70.27,0
2025-05-10 02:16:01,20.64,70.24,0
2025-05-10 02:17:36,20.6,70.31,0
2025-05-10 02:18:06,20.6,70.31,0
2025-05-10 02:18:41,20.58,70.34,0
2025-05-10 02:19:11,20.58,70.34,0
2025-05-10 02:19:41,20.58,70.38,0
2025-05-10 02:20:11,20.56,70.44,0
2025-05-10 02:22:52,20.5,70.54,0
2025-05-10 02:24:27,20.5,70.65,0
2025-05-10 02:25:02,20.48,70.64,0
2025-05-10 02:26:12,20.46,70.69,0
2025-05-10 02:27:17,20.43,70.71,0
2025-05-10 02:34:52,20.37,70.96,0
2025-05-10 02:35:27,20.37,70.92,0
2025-05-10 02:36:37,20.37,70.98,0
2025-05-10 02:37:48,20.36,71.03,0
2025-05-10 02:38:53,20.35,71.0,0
2025-05-10 02:39:58,20.33,70.99,0
2025-05-10 02:41:03,20.34,71.03,0
2025-05-10 02:41:33,20.34,71.08,0
2025-05-10 02:42:03,20.31,71.09,0
2025-05-10 02:44:24,20.32,71.08,0
2025-05-10 02:47:39,20.31,71.16,0
2025-05-10 02:48:14,20.31,71.17,0
2025-05-10 02:48:49,20.29,71.17,0
2025-05-10 02:49:24,20.3,71.19,0
2025-05-10 02:50:29,20.29,71.21,0
2025-05-10 02:51:04,20.3,71.25,0
2025-05-10 02:55:24,20.29,71.3,0
2025-05-10 02:55:59,20.3,71.33,0
2025-05-10 02:57:04,20.3,71.3,0
2025-05-10 02:57:39,20.29,71.34,0
2025-05-10 02:58:14,20.29,71.37,0
2025-05-10 02:58:49,20.29,71.37,0
2025-05-10 03:00:00,20.29,71.36,0
2025-05-10 03:00:35,20.29,71.42,0
2025-05-10 03:01:40,20.27,71.43,0
2025-05-10 03:02:10,20.29,71.41,0
2025-05-10 03:02:40,20.27,71.43,0
2025-05-10 03:03:10,20.28,71.42,0
2025-05-10 03:04:16,20.26,71.48,0
2025-05-10 03:04:46,20.29,71.45,0
2025-05-10 03:07:46,20.29,71.55,0
2025-05-10 03:08:46,20.28,71.57,0
2025-05-10 03:09:21,20.28,71.6,0
2025-05-10 03:09:51,20.29,71.6,0
2025-05-10 03:10:26,20.26,71.61,0
2025-05-10 03:10:56,20.26,71.59,0
2025-05-10 03:11:31,20.27,71.65,0
2025-05-10 03:12:01,20.27,71.61,0
2025-05-10 03:12:31,20.28,71.64,0
2025-05-10 03:13:06,20.26,71.66,0
2025-05-10 03:13:41,20.28,71.67,0
2025-05-10 03:14:16,20.26,71.66,0
2025-05-10 03:16:36,20.26,71.65,0
2025-05-10 03:17:42,20.26,71.65,0
2025-05-10 03:18:12,20.28,71.66,0
2025-05-10 03:18:42,20.26,71.64,0
2025-05-10 03:19:17,20.26,71.69,0
2025-05-10 03:21:17,20.26,71.72,0
2025-05-10 03:21:52,20.26,71.72,0
2025-05-10 03:22:57,20.26,71.73,0
2025-05-10 03:23:32,20.26,71.73,0
2025-05-10 03:26:52,20.24,71.8,0
2025-05-10 03:27:27,20.26,71.82,0
2025-05-10 03:28:37,20.25,71.88,0
2025-05-10 03:29:43,20.26,71.92,0
2025-05-10 03:30:18,20.27,71.91,0
2025-05-10 03:30:53,20.26,71.92,0
2025-05-10 03:32:03,20.26,71.91,0
2025-05-10 03:33:08,20.26,71.97,0
2025-05-10 03:33:38,20.25,71.97,0
2025-05-10 03:34:38,20.27,72.0,0
2025-05-10 03:35:38,20.26,71.98,0
2025-05-10 03:38:13,20.25,72.04,0
2025-05-10 03:38:48,20.24,72.07,0
2025-05-10 03:39:23,20.24,72.06,0
2025-05-10 03:39:53,20.26,72.07,0
2025-05-10 03:40:28,20.26,72.05,0
2025-05-10 03:41:03,20.24,72.12,0
2025-05-10 03:41:38,20.23,72.1,0
2025-05-10 03:42:13,20.26,72.09,0
2025-05-10 03:43:24,20.24,72.14,0
2025-05-10 03:43:59,20.23,72.16,0
2025-05-10 03:45:04,20.23,72.18,0
2025-05-10 03:45:39,20.25,72.19,0
2025-05-10 03:46:14,20.25,72.17,0
2025-05-10 03:47:19,20.23,72.2,0
2025-05-10 03:47:54,20.23,72.19,0
2025-05-10 03:48:29,20.24,72.25,0
2025-05-10 03:49:39,20.21,72.25,0
2025-05-10 03:50:50,20.24,72.25,0
2025-05-10 03:52:30,20.22,72.29,0
2025-05-10 03:53:00,20.21,72.29,0
2025-05-10 03:53:35,20.22,72.34,0
2025-05-10 03:54:10,20.22,72.34,0
2025-05-10 03:54:45,20.22,72.36,0
2025-05-10 03:58:30,20.21,72.42,0
2025-05-10 03:59:40,20.2,72.45,0
2025-05-10 04:00:15,20.22,72.46,0
2025-05-10 04:00:50,20.21,72.46,0
2025-05-10 04:01:20,20.22,72.43,0
2025-05-10 04:01:55,20.22,72.43,0
2025-05-10 04:02:30,20.2,72.45,0
2025-05-10 04:03:00,20.22,72.45,0
2025-05-10 04:03:35,20.22,72.47,0
2025-05-10 04:04:10,20.21,72.5,0
2025-05-10 04:04:40,20.2,72.51,0
2025-05-10 04:05:15,20.19,72.52,0
2025-05-10 04:06:21,20.21,72.48,0
2025-05-10 04:06:51,20.21,72.54,0
2025-05-10 04:07:26,20.2,72.59,0
2025-05-10 04:08:01,20.19,72.56,0
2025-05-10 04:09:06,20.21,72.57,0
2025-05-10 04:09:36,20.22,72.56,0
2025-05-10 04:11:12,20.21,72.62,0
2025-05-10 04:16:12,20.21,72.68,0
2025-05-10 04:16:52,20.2,72.68,0
2025-05-10 04:17:22,20.18,72.72,0
2025-05-10 04:17:57,20.22,72.68,0
2025-05-10 04:18:32,20.21,72.69,0
2025-05-10 04:19:07,20.2,72.73,0
2025-05-10 04:20:17,20.2,72.77,0
2025-05-10 04:20:52,20.2,72.78,0
2025-05-10 04:22:32,20.2,72.81,0
2025-05-10 04:23:07,20.19,72.78,0
2025-05-10 04:23:42,20.18,72.78,0
2025-05-10 04:24:12,20.2,72.79,0
2025-05-10 04:24:42,20.2,72.86,0
2025-05-10 04:25:17,20.18,72.85,0
2025-05-10 04:25:47,20.2,72.85,0
2025-05-10 04:26:58,20.19,72.88,0
2025-05-10 04:28:03,20.18,72.87,0
2025-05-10 04:28:28,20.2,72.88,0
2025-05-10 04:29:33,20.21,72.91,0
2025-05-10 04:31:29,20.18,72.94,0
2025-05-10 04:32:24,20.18,72.97,0
2025-05-10 04:32:49,20.2,72.95,0
2025-05-10 04:33:14,20.2,72.97,0
2025-05-10 04:34:09,20.2,73.03,0
2025-05-10 04:34:44,20.19,73.05,0
2025-05-10 04:35:14,20.18,73.07,0
2025-05-10 04:35:44,20.21,73.04,0
2025-05-10 04:36:09,20.19,73.05,0
2025-05-10 04:36:39,20.2,73.06,0
2025-05-10 04:37:14,20.19,73.09,0
2025-05-10 04:37:44,20.19,73.11,0
2025-05-10 04:38:19,20.18,73.1,0
2025-05-10 04:39:19,20.19,73.13,0
2025-05-10 04:40:19,20.19,73.16,0
2025-05-10 04:40:44,20.18,73.14,0
2025-05-10 04:41:09,20.19,73.15,0
2025-05-10 04:41:34,20.21,73.18,0
2025-05-10 04:41:59,20.22,73.2,0
2025-05-10 04:42:24,20.21,73.21,0
2025-05-10 04:43:19,20.19,73.21,0
2025-05-10 04:43:54,20.2,73.23,0
2025-05-10 04:45:34,20.2,73.28,0
2025-05-10 04:46:39,20.21,73.3,0
2025-05-10 04:47:09,20.22,73.29,0
2025-05-10 04:47:44,20.22,73.3,0
2025-05-10 04:48:14,20.21,73.32,0
2025-05-10 04:51:20,20.2,73.4,0
2025-05-10 04:52:20,20.21,73.43,0
2025-05-10 04:52:50,20.23,73.44,0
2025-05-10 04:53:20,20.22,73.43,0
2025-05-10 04:53:50,20.23,73.46,0
2025-05-10 04:54:25,20.24,73.46,0
2025-05-10 04:55:00,20.22,73.47,0
2025-05-10 04:56:05,20.23,73.51,0
2025-05-10 04:56:35,20.22,73.55,0
2025-05-10 04:57:10,20.23,73.59,0
2025-05-10 04:58:16,20.23,73.59,0
2025-05-10 05:02:41,20.21,73.61,0
2025-05-10 05:03:11,20.2,73.58,0
2025-05-10 05:03:46,20.2,73.59,0
2025-05-10 05:04:16,20.2,73.61,0
2025-05-10 05:04:51,20.2,73.61,0
2025-05-10 05:05:21,20.16,73.62,0
2025-05-10 05:05:56,20.18,73.6,0
2025-05-10 05:06:31,20.18,73.62,0
2025-05-10 05:07:41,20.16,73.61,0
2025-05-10 05:08:16,20.17,73.58,0
2025-05-10 05:09:22,20.16,73.58,0
2025-05-10 05:10:02,20.14,73.6,0
2025-05-10 05:10:37,20.14,73.57,0
2025-05-10 05:11:12,20.17,73.59,0
2025-05-10 05:11:47,20.16,73.59,0
2025-05-10 05:16:47,20.11,73.57,0
2025-05-10 05:17:22,20.12,73.56,0
2025-05-10 05:19:02,20.12,73.55,0
2025-05-10 05:20:07,20.09,73.55,0
2025-05-10 05:21:13,20.09,73.56,0
2025-05-10 05:21:48,20.1,73.6,0
2025-05-10 05:25:28,20.08,73.51,0
2025-05-10 05:26:03,20.11,73.53,0
2025-05-10 05:27:08,20.09,73.56,0
2025-05-10 05:27:38,20.09,73.53,0
2025-05-10 05:31:03,20.08,73.53,0
2025-05-10 05:31:33,20.07,73.55,0
2025-05-10 05:32:03,20.07,73.57,0
2025-05-10 05:32:33,20.09,73.57,0
2025-05-10 05:33:03,20.1,73.53,0
2025-05-10 05:33:33,20.08,73.58,0
2025-05-10 05:34:03,20.09,73.57,0
2025-05-10 05:34:33,20.08,73.59,0
2025-05-10 05:35:03,20.09,73.55,0
2025-05-10 05:40:39,20.05,73.59,0
2025-05-10 05:41:14,20.1,73.6,0
2025-05-10 05:41:44,20.08,73.59,0
2025-05-10 05:45:54,20.07,73.62,0
2025-05-10 05:46:29,20.05,73.61,0
2025-05-10 05:48:14,20.07,73.6,0
2025-05-10 05:49:15,20.07,73.67,0
2025-05-10 05:50:10,20.06,73.65,0
2025-05-10 05:50:45,20.05,73.62,0
2025-05-10 05:51:10,20.06,73.64,0
2025-05-10 05:52:00,20.08,73.66,0
2025-05-10 05:52:25,20.06,73.68,0
2025-05-10 05:52:50,20.06,73.64,0
2025-05-10 05:53:15,20.07,73.67,0
2025-05-10 05:54:05,20.06,73.67,0
2025-05-10 05:54:35,20.07,73.67,0
2025-05-10 05:55:10,20.07,73.68,0
2025-05-10 05:56:15,20.05,73.66,0
2025-05-10 05:56:45,20.05,73.67,0
2025-05-10 05:57:15,20.08,73.69,0
2025-05-10 05:58:50,20.07,73.7,0
2025-05-10 06:00:55,20.07,73.72,0
2025-05-10 06:02:00,20.06,73.73,0
2025-05-10 06:03:05,20.07,73.74,0
2025-05-10 06:03:40,20.06,73.73,0
2025-05-10 06:04:10,20.06,73.75,0
2025-05-10 06:04:45,20.06,73.74,0
2025-05-10 06:05:20,20.05,73.78,0
2025-05-10 06:05:55,20.06,73.74,0
2025-05-10 06:10:41,20.06,73.78,0
2025-05-10 06:11:16,20.04,73.78,0
2025-05-10 06:11:46,20.05,73.81,0
2025-05-10 06:12:46,20.05,73.8,0
2025-05-10 06:13:51,20.05,73.82,0
2025-05-10 06:14:21,20.07,73.81,0
2025-05-10 06:14:51,20.06,73.81,0
2025-05-10 06:15:21,20.06,73.83,0
2025-05-10 06:18:16,20.09,74.2,0
2025-05-10 06:19:22,20.13,74.4,0
2025-05-10 06:19:52,20.14,74.42,0
2025-05-10 06:20:22,20.16,74.51,0
2025-05-10 06:20:52,20.16,74.5,0
2025-05-10 06:21:27,20.19,74.62,0
2025-05-10 06:23:37,20.23,74.81,0
2025-05-10 06:24:12,20.24,74.86,0
2025-05-10 06:24:47,20.26,74.9,0
2025-05-10 06:25:17,20.28,74.87,0
2025-05-10 06:25:47,20.27,74.94,0
2025-05-10 06:26:22,20.29,75.0,0
2025-05-10 06:26:47,20.29,74.99,0
2025-05-10 06:31:27,20.3,75.3,0
2025-05-10 06:32:02,20.31,75.28,0
2025-05-10 06:35:48,20.29,75.45,0
2025-05-10 06:37:58,20.3,75.6,0
2025-05-10 06:38:33,20.29,75.58,0
2025-05-10 06:39:38,20.31,75.63,0
2025-05-10 06:40:13,20.32,75.72,0
2025-05-10 06:40:43,20.31,75.73,0
2025-05-10 06:41:13,20.31,75.7,0
2025-05-10 06:45:19,20.32,75.94,0
2025-05-10 06:46:24,20.32,75.99,0
2025-05-10 06:47:29,20.33,76.07,0
2025-05-10 06:47:59,20.33,75.99,0
2025-05-10 06:49:29,20.33,76.11,0
2025-05-10 06:50:35,20.34,76.1,0
2025-05-10 06:56:10,20.33,76.23,0
2025-05-10 06:56:40,20.34,76.23,0
2025-05-10 06:57:40,20.34,76.27,0
2025-05-10 06:58:15,20.33,76.3,0
2025-05-10 06:58:45,20.33,76.3,0
2025-05-10 06:59:15,20.34,76.33,0
2025-05-10 06:59:45,20.34,76.33,0
2025-05-10 07:00:15,20.35,76.36,0
2025-05-10 07:00:50,20.36,76.34,0
2025-05-10 07:02:30,20.33,76.41,0
2025-05-10 07:03:00,20.34,76.4,0
2025-05-10 07:03:35,20.33,76.41,0
2025-05-10 07:04:41,20.34,76.48,0
2025-05-10 07:05:11,20.33,76.47,0
2025-05-10 07:06:51,20.34,76.49,0
2025-05-10 07:07:26,20.35,76.53,0
2025-05-10 07:10:46,20.36,76.65,0
2025-05-10 07:11:51,20.37,76.66,0
2025-05-10 07:14:01,20.37,76.75,0
2025-05-10 07:15:02,20.4,76.82,0
2025-05-10 07:15:42,20.4,76.8,0
2025-05-10 07:16:12,20.39,76.79,0
2025-05-10 07:16:47,20.41,76.8,0
2025-05-10 07:18:17,20.41,76.88,0
2025-05-10 07:22:17,20.42,76.9,0
2025-05-10 07:22:52,20.43,76.88,0
2025-05-10 07:23:57,20.4,76.88,0
2025-05-10 07:25:07,20.43,76.93,0
2025-05-10 07:26:18,20.43,77.01,0
2025-05-10 07:26:48,20.44,77.05,0
2025-05-10 07:28:48,20.47,77.17,0
2025-05-10 07:30:53,20.48,77.29,0
2025-05-10 07:31:28,20.5,77.28,0
2025-05-10 07:32:33,20.5,77.32,0
2025-05-10 07:33:38,20.5,77.29,0
2025-05-10 07:34:44,20.53,77.24,0
2025-05-10 07:35:14,20.52,77.3,0
2025-05-10 07:37:19,20.51,77.26,0
2025-05-10 07:37:44,20.52,77.23,0
2025-05-10 07:38:44,20.5,77.24,0
2025-05-10 07:39:19,20.48,77.28,0
